campaign_id,protocol_fingerprint,dataset,system,cn_count,repeat,binary_sha256,query_canonical_sha256,groundtruth_canonical_sha256,processed_queries,expected_queries,failed_queries,qps,recall,p50_us,p99_us,posts_per_query,bytes_per_query,fairness,source,source_sha256
vldb-multicn-formal-20260719f,3d307e42c0d412aafe221f2973d2a55b78b46ea919fe76421e3080367d3b17ec,SIFT1M,SHINE,1,0,2e60c6ea3bb3893b66cbce65cfdc5d82faab4a74fcc469fdeb7b5ff8dda34fb6,bf4c4c9db385017e63e7b0a9ccd8e3aab3744a02e053c135e000fa0b1dea2d6f,c1130328dffc9ac74262669f0879856786eb15dba7cb2d72d0af7d51efa680a6,10000,10000,0,1938.0,0.97661,10600.682,15548.512,1760.15,898273.6732,1.0,sources/SIFT1M_SHINE_1cn_r0.json,897e644273a3c68a2b13b41ed4f6c62d7304ca0b0cc0dd73d60b302025f038d9
vldb-multicn-formal-20260719f,3d307e42c0d412aafe221f2973d2a55b78b46ea919fe76421e3080367d3b17ec,SIFT1M,SHINE,1,1,2e60c6ea3bb3893b66cbce65cfdc5d82faab4a74fcc469fdeb7b5ff8dda34fb6,bf4c4c9db385017e63e7b0a9ccd8e3aab3744a02e053c135e000fa0b1dea2d6f,c1130328dffc9ac74262669f0879856786eb15dba7cb2d72d0af7d51efa680a6,10000,10000,0,1943.0,0.97661,10552.16,16396.397,1760.15,898273.6732,1.0,sources/SIFT1M_SHINE_1cn_r1.json,f76c8a8306d05c5a18eae501957e50dd39cba5b015e5e80476dda42684dddd4f
vldb-multicn-formal-20260719f,3d307e42c0d412aafe221f2973d2a55b78b46ea919fe76421e3080367d3b17ec,SIFT1M,SHINE,1,2,2e60c6ea3bb3893b66cbce65cfdc5d82faab4a74fcc469fdeb7b5ff8dda34fb6,bf4c4c9db385017e63e7b0a9ccd8e3aab3744a02e053c135e000fa0b1dea2d6f,c1130328dffc9ac74262669f0879856786eb15dba7cb2d72d0af7d51efa680a6,10000,10000,0,1935.0,0.97661,10608.122,16350.248,1760.15,898273.6732,1.0,sources/SIFT1M_SHINE_1cn_r2.json,1e055e9ef96b824d64f80df04ffb28e71a434bfec2a936119ade41a0196cf4a4
vldb-multicn-formal-20260719f,3d307e42c0d412aafe221f2973d2a55b78b46ea919fe76421e3080367d3b17ec,SIFT1M,SHINE,1,3,2e60c6ea3bb3893b66cbce65cfdc5d82faab4a74fcc469fdeb7b5ff8dda34fb6,bf4c4c9db385017e63e7b0a9ccd8e3aab3744a02e053c135e000fa0b1dea2d6f,c1130328dffc9ac74262669f0879856786eb15dba7cb2d72d0af7d51efa680a6,10000,10000,0,1938.0,0.97661,10575.188,16556.678,1760.15,898273.6732,1.0,sources/SIFT1M_SHINE_1cn_r3.json,5e0cd0a59d22d3eac56dd0958dea2ea307b46a4b746e5086824395ead5f3e882
vldb-multicn-formal-20260719f,3d307e42c0d412aafe221f2973d2a55b78b46ea919fe76421e3080367d3b17ec,SIFT1M,SHINE,1,4,2e60c6ea3bb3893b66cbce65cfdc5d82faab4a74fcc469fdeb7b5ff8dda34fb6,bf4c4c9db385017e63e7b0a9ccd8e3aab3744a02e053c135e000fa0b1dea2d6f,c1130328dffc9ac74262669f0879856786eb15dba7cb2d72d0af7d51efa680a6,10000,10000,0,1940.0,0.97661,10572.743,16841.953,1760.15,898273.6732,1.0,sources/SIFT1M_SHINE_1cn_r4.json,880f96d1ee14499eef6f9f49260e47ad2a27bf1f181938cf2c3dbeea4e7dc928
vldb-multicn-formal-20260719f,3d307e42c0d412aafe221f2973d2a55b78b46ea919fe76421e3080367d3b17ec,SIFT1M,SHINE,2,0,2e60c6ea3bb3893b66cbce65cfdc5d82faab4a74fcc469fdeb7b5ff8dda34fb6,bf4c4c9db385017e63e7b0a9ccd8e3aab3744a02e053c135e000fa0b1dea2d6f,c1130328dffc9ac74262669f0879856786eb15dba7cb2d72d0af7d51efa680a6,10000,10000,0,3869.0,0.97661,,,1760.152,898273.6892,0.9999572940298472,sources/SIFT1M_SHINE_2cn_r0.json,f1c30ed0fc8caba64df5c40e3d639c374b5511def62270167e7e1fff64415778
vldb-multicn-formal-20260719f,3d307e42c0d412aafe221f2973d2a55b78b46ea919fe76421e3080367d3b17ec,SIFT1M,SHINE,2,1,2e60c6ea3bb3893b66cbce65cfdc5d82faab4a74fcc469fdeb7b5ff8dda34fb6,bf4c4c9db385017e63e7b0a9ccd8e3aab3744a02e053c135e000fa0b1dea2d6f,c1130328dffc9ac74262669f0879856786eb15dba7cb2d72d0af7d51efa680a6,10000,10000,0,3860.0,0.97661,,,1760.152,898273.6892,0.9999745559495398,sources/SIFT1M_SHINE_2cn_r1.json,857436e2bf592d19293b3d87d3861af8e15874e99dccd4c6823f7f13685ccd12
vldb-multicn-formal-20260719f,3d307e42c0d412aafe221f2973d2a55b78b46ea919fe76421e3080367d3b17ec,SIFT1M,SHINE,2,2,2e60c6ea3bb3893b66cbce65cfdc5d82faab4a74fcc469fdeb7b5ff8dda34fb6,bf4c4c9db385017e63e7b0a9ccd8e3aab3744a02e053c135e000fa0b1dea2d6f,c1130328dffc9ac74262669f0879856786eb15dba7cb2d72d0af7d51efa680a6,10000,10000,0,3858.0,0.97661,,,1760.152,898273.6892,0.9999491261511034,sources/SIFT1M_SHINE_2cn_r2.json,24485ecda0743135ada1c5e144af8febee991c77205e24a6bde6a034b976448b
vldb-multicn-formal-20260719f,3d307e42c0d412aafe221f2973d2a55b78b46ea919fe76421e3080367d3b17ec,SIFT1M,SHINE,2,3,2e60c6ea3bb3893b66cbce65cfdc5d82faab4a74fcc469fdeb7b5ff8dda34fb6,bf4c4c9db385017e63e7b0a9ccd8e3aab3744a02e053c135e000fa0b1dea2d6f,c1130328dffc9ac74262669f0879856786eb15dba7cb2d72d0af7d51efa680a6,10000,10000,0,3871.0,0.97661,,,1760.152,898273.6892,0.9999714239701802,sources/SIFT1M_SHINE_2cn_r3.json,6f5bb97981951dbcd793793898769e3d3d61724e605654228546b94aadce757a
vldb-multicn-formal-20260719f,3d307e42c0d412aafe221f2973d2a55b78b46ea919fe76421e3080367d3b17ec,SIFT1M,SHINE,2,4,2e60c6ea3bb3893b66cbce65cfdc5d82faab4a74fcc469fdeb7b5ff8dda34fb6,bf4c4c9db385017e63e7b0a9ccd8e3aab3744a02e053c135e000fa0b1dea2d6f,c1130328dffc9ac74262669f0879856786eb15dba7cb2d72d0af7d51efa680a6,10000,10000,0,3855.0,0.97661,,,1760.152,898273.6892,0.9999569248334005,sources/SIFT1M_SHINE_2cn_r4.json,3dbd52324874cd01726f0f3e1e090f056ec265c8a53b257ea16ff13886b785f3
vldb-multicn-formal-20260719f,3d307e42c0d412aafe221f2973d2a55b78b46ea919fe76421e3080367d3b17ec,SIFT1M,SHINE,3,0,2e60c6ea3bb3893b66cbce65cfdc5d82faab4a74fcc469fdeb7b5ff8dda34fb6,bf4c4c9db385017e63e7b0a9ccd8e3aab3744a02e053c135e000fa0b1dea2d6f,c1130328dffc9ac74262669f0879856786eb15dba7cb2d72d0af7d51efa680a6,10000,10000,0,5705.0,0.97661,,,1760.154,898273.7052,0.999962944935956,sources/SIFT1M_SHINE_3cn_r0.json,60c4f5a90542c1fc4cd204a8a904a965d9b7560a1518018fbd3d50459037a205
vldb-multicn-formal-20260719f,3d307e42c0d412aafe221f2973d2a55b78b46ea919fe76421e3080367d3b17ec,SIFT1M,SHINE,3,1,2e60c6ea3bb3893b66cbce65cfdc5d82faab4a74fcc469fdeb7b5ff8dda34fb6,bf4c4c9db385017e63e7b0a9ccd8e3aab3744a02e053c135e000fa0b1dea2d6f,c1130328dffc9ac74262669f0879856786eb15dba7cb2d72d0af7d51efa680a6,10000,10000,0,5679.0,0.97661,,,1760.154,898273.7052,0.999943363931492,sources/SIFT1M_SHINE_3cn_r1.json,58a14f8fc83a9df152297efc4e53232c32cff92b5f0942765bdb3ac5ada956ed
vldb-multicn-formal-20260719f,3d307e42c0d412aafe221f2973d2a55b78b46ea919fe76421e3080367d3b17ec,SIFT1M,SHINE,3,2,2e60c6ea3bb3893b66cbce65cfdc5d82faab4a74fcc469fdeb7b5ff8dda34fb6,bf4c4c9db385017e63e7b0a9ccd8e3aab3744a02e053c135e000fa0b1dea2d6f,c1130328dffc9ac74262669f0879856786eb15dba7cb2d72d0af7d51efa680a6,10000,10000,0,5687.0,0.97661,,,1760.154,898273.7052,0.9999472229440702,sources/SIFT1M_SHINE_3cn_r2.json,0bb0350b39014ddf86eea435a08a5714b2abd94b24b5d48682154b695e178adc
vldb-multicn-formal-20260719f,3d307e42c0d412aafe221f2973d2a55b78b46ea919fe76421e3080367d3b17ec,SIFT1M,SHINE,3,3,2e60c6ea3bb3893b66cbce65cfdc5d82faab4a74fcc469fdeb7b5ff8dda34fb6,bf4c4c9db385017e63e7b0a9ccd8e3aab3744a02e053c135e000fa0b1dea2d6f,c1130328dffc9ac74262669f0879856786eb15dba7cb2d72d0af7d51efa680a6,10000,10000,0,5704.0,0.97661,,,1760.154,898273.7052,0.9999837676552445,sources/SIFT1M_SHINE_3cn_r3.json,e45b2cae2c20a0e6e92a703ab4b54bc23b6749c1105f330a86f533e419461e95
vldb-multicn-formal-20260719f,3d307e42c0d412aafe221f2973d2a55b78b46ea919fe76421e3080367d3b17ec,SIFT1M,SHINE,3,4,2e60c6ea3bb3893b66cbce65cfdc5d82faab4a74fcc469fdeb7b5ff8dda34fb6,bf4c4c9db385017e63e7b0a9ccd8e3aab3744a02e053c135e000fa0b1dea2d6f,c1130328dffc9ac74262669f0879856786eb15dba7cb2d72d0af7d51efa680a6,10000,10000,0,5709.0,0.97661,,,1760.154,898273.7052,0.999989423862491,sources/SIFT1M_SHINE_3cn_r4.json,eb7cfbd5e8bb01788460703262ff2aa7697757d87ae9f854fcf813570bdde02c
vldb-multicn-formal-20260719f,3d307e42c0d412aafe221f2973d2a55b78b46ea919fe76421e3080367d3b17ec,SIFT1M,SlabWalk,1,0,2e60c6ea3bb3893b66cbce65cfdc5d82faab4a74fcc469fdeb7b5ff8dda34fb6,bf4c4c9db385017e63e7b0a9ccd8e3aab3744a02e053c135e000fa0b1dea2d6f,c1130328dffc9ac74262669f0879856786eb15dba7cb2d72d0af7d51efa680a6,10000,10000,0,17986.0,0.97662,1082.294,1476.52,102.0859,493012.5144,1.0,sources/SIFT1M_SlabWalk_1cn_r0.json,800918d988f29767055472b8eec29678de45b7cd9820acc7793981d1845df364
vldb-multicn-formal-20260719f,3d307e42c0d412aafe221f2973d2a55b78b46ea919fe76421e3080367d3b17ec,SIFT1M,SlabWalk,1,1,2e60c6ea3bb3893b66cbce65cfdc5d82faab4a74fcc469fdeb7b5ff8dda34fb6,bf4c4c9db385017e63e7b0a9ccd8e3aab3744a02e053c135e000fa0b1dea2d6f,c1130328dffc9ac74262669f0879856786eb15dba7cb2d72d0af7d51efa680a6,10000,10000,0,17967.0,0.97662,1083.472,1441.201,102.0859,493012.5144,1.0,sources/SIFT1M_SlabWalk_1cn_r1.json,f05ba09d0d01a6b6cf5fc09105ac9570eea78b51947c6fb271df40ef0595617f
vldb-multicn-formal-20260719f,3d307e42c0d412aafe221f2973d2a55b78b46ea919fe76421e3080367d3b17ec,SIFT1M,SlabWalk,1,2,2e60c6ea3bb3893b66cbce65cfdc5d82faab4a74fcc469fdeb7b5ff8dda34fb6,bf4c4c9db385017e63e7b0a9ccd8e3aab3744a02e053c135e000fa0b1dea2d6f,c1130328dffc9ac74262669f0879856786eb15dba7cb2d72d0af7d51efa680a6,10000,10000,0,18271.0,0.97662,1081.476,1208.814,102.0859,493012.5144,1.0,sources/SIFT1M_SlabWalk_1cn_r2.json,d1076a63a344b6d9ef779024031ca8f969fb1781e772abe9cc8f7ce328b6e35b
vldb-multicn-formal-20260719f,3d307e42c0d412aafe221f2973d2a55b78b46ea919fe76421e3080367d3b17ec,SIFT1M,SlabWalk,1,3,2e60c6ea3bb3893b66cbce65cfdc5d82faab4a74fcc469fdeb7b5ff8dda34fb6,bf4c4c9db385017e63e7b0a9ccd8e3aab3744a02e053c135e000fa0b1dea2d6f,c1130328dffc9ac74262669f0879856786eb15dba7cb2d72d0af7d51efa680a6,10000,10000,0,17844.0,0.97662,1084.002,1471.801,102.0859,493012.5144,1.0,sources/SIFT1M_SlabWalk_1cn_r3.json,d842c501cee738b2d97ab30479c8d7cc83da3bc09e6ab78e7f3365bbf2daf3aa
vldb-multicn-formal-20260719f,3d307e42c0d412aafe221f2973d2a55b78b46ea919fe76421e3080367d3b17ec,SIFT1M,SlabWalk,1,4,2e60c6ea3bb3893b66cbce65cfdc5d82faab4a74fcc469fdeb7b5ff8dda34fb6,bf4c4c9db385017e63e7b0a9ccd8e3aab3744a02e053c135e000fa0b1dea2d6f,c1130328dffc9ac74262669f0879856786eb15dba7cb2d72d0af7d51efa680a6,10000,10000,0,17977.0,0.97662,1083.527,1324.394,102.0859,493012.5144,1.0,sources/SIFT1M_SlabWalk_1cn_r4.json,54c3e29ead591d964c276749bf370ab62c008c6eadf2911bac60dd0a8e73041e
vldb-multicn-formal-20260719f,3d307e42c0d412aafe221f2973d2a55b78b46ea919fe76421e3080367d3b17ec,SIFT1M,SlabWalk,2,0,2e60c6ea3bb3893b66cbce65cfdc5d82faab4a74fcc469fdeb7b5ff8dda34fb6,bf4c4c9db385017e63e7b0a9ccd8e3aab3744a02e053c135e000fa0b1dea2d6f,c1130328dffc9ac74262669f0879856786eb15dba7cb2d72d0af7d51efa680a6,10000,10000,0,22988.0,0.97662,,,102.0859,493012.5144,0.9999658583724842,sources/SIFT1M_SlabWalk_2cn_r0.json,75ff07e84422d8700688bd2aa78824a5c7b6adda21183b7c88f40e00271c4b7d
vldb-multicn-formal-20260719f,3d307e42c0d412aafe221f2973d2a55b78b46ea919fe76421e3080367d3b17ec,SIFT1M,SlabWalk,2,1,2e60c6ea3bb3893b66cbce65cfdc5d82faab4a74fcc469fdeb7b5ff8dda34fb6,bf4c4c9db385017e63e7b0a9ccd8e3aab3744a02e053c135e000fa0b1dea2d6f,c1130328dffc9ac74262669f0879856786eb15dba7cb2d72d0af7d51efa680a6,10000,10000,0,23022.0,0.97662,,,102.0859,493012.5144,0.9999851117980499,sources/SIFT1M_SlabWalk_2cn_r1.json,829dc334bda71a23b279a67c5860043f70efe20ae52e8c3d5aadcb56585e32e1
vldb-multicn-formal-20260719f,3d307e42c0d412aafe221f2973d2a55b78b46ea919fe76421e3080367d3b17ec,SIFT1M,SlabWalk,2,2,2e60c6ea3bb3893b66cbce65cfdc5d82faab4a74fcc469fdeb7b5ff8dda34fb6,bf4c4c9db385017e63e7b0a9ccd8e3aab3744a02e053c135e000fa0b1dea2d6f,c1130328dffc9ac74262669f0879856786eb15dba7cb2d72d0af7d51efa680a6,10000,10000,0,22757.0,0.97662,,,102.0859,493012.5144,0.9996545009212822,sources/SIFT1M_SlabWalk_2cn_r2.json,fb3b978da29069d992db61c1431acd2ff0fec04512c2cb674e5036b419498919
vldb-multicn-formal-20260719f,3d307e42c0d412aafe221f2973d2a55b78b46ea919fe76421e3080367d3b17ec,SIFT1M,SlabWalk,2,3,2e60c6ea3bb3893b66cbce65cfdc5d82faab4a74fcc469fdeb7b5ff8dda34fb6,bf4c4c9db385017e63e7b0a9ccd8e3aab3744a02e053c135e000fa0b1dea2d6f,c1130328dffc9ac74262669f0879856786eb15dba7cb2d72d0af7d51efa680a6,10000,10000,0,22880.0,0.97662,,,102.0859,493012.5144,0.9998697815250115,sources/SIFT1M_SlabWalk_2cn_r3.json,177f8f8bcb701dfee352a188cfd28808869107deb71e801006d9162f7155ea8e
vldb-multicn-formal-20260719f,3d307e42c0d412aafe221f2973d2a55b78b46ea919fe76421e3080367d3b17ec,SIFT1M,SlabWalk,2,4,2e60c6ea3bb3893b66cbce65cfdc5d82faab4a74fcc469fdeb7b5ff8dda34fb6,bf4c4c9db385017e63e7b0a9ccd8e3aab3744a02e053c135e000fa0b1dea2d6f,c1130328dffc9ac74262669f0879856786eb15dba7cb2d72d0af7d51efa680a6,10000,10000,0,22769.0,0.97662,,,102.0859,493012.5144,0.9997342061104947,sources/SIFT1M_SlabWalk_2cn_r4.json,82b77e525970bbc0a7b67aedcd5585a39afbf3893adec738e0afce97fb41c804
vldb-multicn-formal-20260719f,3d307e42c0d412aafe221f2973d2a55b78b46ea919fe76421e3080367d3b17ec,SIFT1M,SlabWalk,3,0,2e60c6ea3bb3893b66cbce65cfdc5d82faab4a74fcc469fdeb7b5ff8dda34fb6,bf4c4c9db385017e63e7b0a9ccd8e3aab3744a02e053c135e000fa0b1dea2d6f,c1130328dffc9ac74262669f0879856786eb15dba7cb2d72d0af7d51efa680a6,10000,10000,0,34361.0,0.9766199999999999,,,102.0859,493012.5144,0.9500025100556032,sources/SIFT1M_SlabWalk_3cn_r0.json,84ec3a2318139ac12893b1c30ffee68add0c0b2ef05ecebedd9a73a36683b634
vldb-multicn-formal-20260719f,3d307e42c0d412aafe221f2973d2a55b78b46ea919fe76421e3080367d3b17ec,SIFT1M,SlabWalk,3,1,2e60c6ea3bb3893b66cbce65cfdc5d82faab4a74fcc469fdeb7b5ff8dda34fb6,bf4c4c9db385017e63e7b0a9ccd8e3aab3744a02e053c135e000fa0b1dea2d6f,c1130328dffc9ac74262669f0879856786eb15dba7cb2d72d0af7d51efa680a6,10000,10000,0,34027.0,0.9766199999999999,,,102.0859,493012.5144,0.9509002280370065,sources/SIFT1M_SlabWalk_3cn_r1.json,04240914c445e0ecd009fe55c6a368efff46f373e3beb2d1dd80ebe797bb5b07
vldb-multicn-formal-20260719f,3d307e42c0d412aafe221f2973d2a55b78b46ea919fe76421e3080367d3b17ec,SIFT1M,SlabWalk,3,2,2e60c6ea3bb3893b66cbce65cfdc5d82faab4a74fcc469fdeb7b5ff8dda34fb6,bf4c4c9db385017e63e7b0a9ccd8e3aab3744a02e053c135e000fa0b1dea2d6f,c1130328dffc9ac74262669f0879856786eb15dba7cb2d72d0af7d51efa680a6,10000,10000,0,34062.0,0.9766199999999999,,,102.0859,493012.5144,0.9497767922021098,sources/SIFT1M_SlabWalk_3cn_r2.json,e2f7f208844999647a6a907e2982339d853bcaa8169c371a60c2c37718564dcb
vldb-multicn-formal-20260719f,3d307e42c0d412aafe221f2973d2a55b78b46ea919fe76421e3080367d3b17ec,SIFT1M,SlabWalk,3,3,2e60c6ea3bb3893b66cbce65cfdc5d82faab4a74fcc469fdeb7b5ff8dda34fb6,bf4c4c9db385017e63e7b0a9ccd8e3aab3744a02e053c135e000fa0b1dea2d6f,c1130328dffc9ac74262669f0879856786eb15dba7cb2d72d0af7d51efa680a6,10000,10000,0,33986.0,0.9766199999999999,,,102.0859,493012.5144,0.9508470371628156,sources/SIFT1M_SlabWalk_3cn_r3.json,efe93ecf6f075a15fdfa7f8164847471b113add2931fea2954e3f1d7016d7b81
vldb-multicn-formal-20260719f,3d307e42c0d412aafe221f2973d2a55b78b46ea919fe76421e3080367d3b17ec,SIFT1M,SlabWalk,3,4,2e60c6ea3bb3893b66cbce65cfdc5d82faab4a74fcc469fdeb7b5ff8dda34fb6,bf4c4c9db385017e63e7b0a9ccd8e3aab3744a02e053c135e000fa0b1dea2d6f,c1130328dffc9ac74262669f0879856786eb15dba7cb2d72d0af7d51efa680a6,10000,10000,0,34319.0,0.9766199999999999,,,102.0859,493012.5144,0.95090360265464,sources/SIFT1M_SlabWalk_3cn_r4.json,cc15b6dc186990ef78564e7e89faa041bb40630a43570a62fd732229b9fb8712
vldb-multicn-formal-20260719f,3d307e42c0d412aafe221f2973d2a55b78b46ea919fe76421e3080367d3b17ec,SIFT1M,d-HNSW,1,0,8e9bcba566e474ce7a2ab6d2a503f1d7ace02d0f8b6c4e65848379d852567ad5,bf4c4c9db385017e63e7b0a9ccd8e3aab3744a02e053c135e000fa0b1dea2d6f,c1130328dffc9ac74262669f0879856786eb15dba7cb2d72d0af7d51efa680a6,10000,10000,0,880.8683024483299,0.8981599987000002,,,,,1.0,sources/SIFT1M_d-HNSW_1cn_r0.json,65ec57413e213e4039f85c748a8dcfb3dcc3092cc6766722cdd9618e37574cac
vldb-multicn-formal-20260719f,3d307e42c0d412aafe221f2973d2a55b78b46ea919fe76421e3080367d3b17ec,SIFT1M,d-HNSW,1,1,8e9bcba566e474ce7a2ab6d2a503f1d7ace02d0f8b6c4e65848379d852567ad5,bf4c4c9db385017e63e7b0a9ccd8e3aab3744a02e053c135e000fa0b1dea2d6f,c1130328dffc9ac74262669f0879856786eb15dba7cb2d72d0af7d51efa680a6,10000,10000,0,814.633024664112,0.8981599987,,,,,1.0,sources/SIFT1M_d-HNSW_1cn_r1.json,b7834fbfdbf5f67e883bccb96b53fd2f40f80e5cdcbfa453e13dd4cb21f5fc27
vldb-multicn-formal-20260719f,3d307e42c0d412aafe221f2973d2a55b78b46ea919fe76421e3080367d3b17ec,SIFT1M,d-HNSW,1,2,8e9bcba566e474ce7a2ab6d2a503f1d7ace02d0f8b6c4e65848379d852567ad5,bf4c4c9db385017e63e7b0a9ccd8e3aab3744a02e053c135e000fa0b1dea2d6f,c1130328dffc9ac74262669f0879856786eb15dba7cb2d72d0af7d51efa680a6,10000,10000,0,776.3340646237451,0.8981599987,,,,,1.0,sources/SIFT1M_d-HNSW_1cn_r2.json,9b53ba59ce705461c06ea0d7d1a2dc9c233c5b0643933c471bdfffed922e8b81
vldb-multicn-formal-20260719f,3d307e42c0d412aafe221f2973d2a55b78b46ea919fe76421e3080367d3b17ec,SIFT1M,d-HNSW,1,3,8e9bcba566e474ce7a2ab6d2a503f1d7ace02d0f8b6c4e65848379d852567ad5,bf4c4c9db385017e63e7b0a9ccd8e3aab3744a02e053c135e000fa0b1dea2d6f,c1130328dffc9ac74262669f0879856786eb15dba7cb2d72d0af7d51efa680a6,10000,10000,0,787.1971171496408,0.8981599987,,,,,1.0,sources/SIFT1M_d-HNSW_1cn_r3.json,616f180c9844cf926d60611b1c3dde4095fe3cd8e2f79cf793f784ef0567eca5
vldb-multicn-formal-20260719f,3d307e42c0d412aafe221f2973d2a55b78b46ea919fe76421e3080367d3b17ec,SIFT1M,d-HNSW,1,4,8e9bcba566e474ce7a2ab6d2a503f1d7ace02d0f8b6c4e65848379d852567ad5,bf4c4c9db385017e63e7b0a9ccd8e3aab3744a02e053c135e000fa0b1dea2d6f,c1130328dffc9ac74262669f0879856786eb15dba7cb2d72d0af7d51efa680a6,10000,10000,0,923.0711651862122,0.8981599987,,,,,1.0,sources/SIFT1M_d-HNSW_1cn_r4.json,56c728e720736b109e4cbebc4a57de682f2313a6d976c1a53f67f8970f632d09
vldb-multicn-formal-20260719f,3d307e42c0d412aafe221f2973d2a55b78b46ea919fe76421e3080367d3b17ec,SIFT1M,d-HNSW,2,0,8e9bcba566e474ce7a2ab6d2a503f1d7ace02d0f8b6c4e65848379d852567ad5,bf4c4c9db385017e63e7b0a9ccd8e3aab3744a02e053c135e000fa0b1dea2d6f,c1130328dffc9ac74262669f0879856786eb15dba7cb2d72d0af7d51efa680a6,10000,10000,0,770.110507349977,0.8981599986999997,,,,,0.996928495839874,sources/SIFT1M_d-HNSW_2cn_r0.json,96730898f74c4488ce20a66dd60858ef71514da292ee933f3de04354cf73a199
vldb-multicn-formal-20260719f,3d307e42c0d412aafe221f2973d2a55b78b46ea919fe76421e3080367d3b17ec,SIFT1M,d-HNSW,2,1,8e9bcba566e474ce7a2ab6d2a503f1d7ace02d0f8b6c4e65848379d852567ad5,bf4c4c9db385017e63e7b0a9ccd8e3aab3744a02e053c135e000fa0b1dea2d6f,c1130328dffc9ac74262669f0879856786eb15dba7cb2d72d0af7d51efa680a6,10000,10000,0,951.6715648520504,0.8981599987000002,,,,,0.9999585890029903,sources/SIFT1M_d-HNSW_2cn_r1.json,0b07677c22d87e4c9e00bb0df89efb7b498eeed16788d7649c7edf02ec106490
vldb-multicn-formal-20260719f,3d307e42c0d412aafe221f2973d2a55b78b46ea919fe76421e3080367d3b17ec,SIFT1M,d-HNSW,2,2,8e9bcba566e474ce7a2ab6d2a503f1d7ace02d0f8b6c4e65848379d852567ad5,bf4c4c9db385017e63e7b0a9ccd8e3aab3744a02e053c135e000fa0b1dea2d6f,c1130328dffc9ac74262669f0879856786eb15dba7cb2d72d0af7d51efa680a6,10000,10000,0,567.4073126404344,0.8981599987000002,,,,,0.9540128815706217,sources/SIFT1M_d-HNSW_2cn_r2.json,2fe554a43ac54143b5ad2f781d55f27ccf6edb1556af890f4715231e514650b6
vldb-multicn-formal-20260719f,3d307e42c0d412aafe221f2973d2a55b78b46ea919fe76421e3080367d3b17ec,SIFT1M,d-HNSW,2,3,8e9bcba566e474ce7a2ab6d2a503f1d7ace02d0f8b6c4e65848379d852567ad5,bf4c4c9db385017e63e7b0a9ccd8e3aab3744a02e053c135e000fa0b1dea2d6f,c1130328dffc9ac74262669f0879856786eb15dba7cb2d72d0af7d51efa680a6,10000,10000,0,873.3304645764101,0.8981599987000002,,,,,0.9973871507492503,sources/SIFT1M_d-HNSW_2cn_r3.json,505c98abe2c6da31dfb5faeecda9bb98484866b218622f82837164c0cde579e6
vldb-multicn-formal-20260719f,3d307e42c0d412aafe221f2973d2a55b78b46ea919fe76421e3080367d3b17ec,SIFT1M,d-HNSW,2,4,8e9bcba566e474ce7a2ab6d2a503f1d7ace02d0f8b6c4e65848379d852567ad5,bf4c4c9db385017e63e7b0a9ccd8e3aab3744a02e053c135e000fa0b1dea2d6f,c1130328dffc9ac74262669f0879856786eb15dba7cb2d72d0af7d51efa680a6,10000,10000,0,781.3286052360754,0.8981599987,,,,,0.991030102914028,sources/SIFT1M_d-HNSW_2cn_r4.json,478a04f0a2624cdd55b1f12d487ef61dd3e9741d5291e9d64b571831e398abc3
vldb-multicn-formal-20260719f,3d307e42c0d412aafe221f2973d2a55b78b46ea919fe76421e3080367d3b17ec,SIFT1M,d-HNSW,3,0,8e9bcba566e474ce7a2ab6d2a503f1d7ace02d0f8b6c4e65848379d852567ad5,bf4c4c9db385017e63e7b0a9ccd8e3aab3744a02e053c135e000fa0b1dea2d6f,c1130328dffc9ac74262669f0879856786eb15dba7cb2d72d0af7d51efa680a6,10000,10000,0,607.5251847524365,0.8981599941918,,,,,0.831685922833571,sources/SIFT1M_d-HNSW_3cn_r0.json,9f990e6ce23669d14c404fb6276844e2974b18220dc11c8aeae9c11a33213b0d
vldb-multicn-formal-20260719f,3d307e42c0d412aafe221f2973d2a55b78b46ea919fe76421e3080367d3b17ec,SIFT1M,d-HNSW,3,1,8e9bcba566e474ce7a2ab6d2a503f1d7ace02d0f8b6c4e65848379d852567ad5,bf4c4c9db385017e63e7b0a9ccd8e3aab3744a02e053c135e000fa0b1dea2d6f,c1130328dffc9ac74262669f0879856786eb15dba7cb2d72d0af7d51efa680a6,10000,10000,0,621.7158900806676,0.8981599941918,,,,,0.9302019691639783,sources/SIFT1M_d-HNSW_3cn_r1.json,de42af64d850a65e68e1033dd7f480c3dc8a220799cca8a6d20f870819e0fc01
vldb-multicn-formal-20260719f,3d307e42c0d412aafe221f2973d2a55b78b46ea919fe76421e3080367d3b17ec,SIFT1M,d-HNSW,3,2,8e9bcba566e474ce7a2ab6d2a503f1d7ace02d0f8b6c4e65848379d852567ad5,bf4c4c9db385017e63e7b0a9ccd8e3aab3744a02e053c135e000fa0b1dea2d6f,c1130328dffc9ac74262669f0879856786eb15dba7cb2d72d0af7d51efa680a6,10000,10000,0,632.0397259696424,0.8981599941918,,,,,0.8869535167460021,sources/SIFT1M_d-HNSW_3cn_r2.json,d730800834d8da7a4effbbc6812936a01ee0d3562f9eb611928cbc2b20c80f1c
vldb-multicn-formal-20260719f,3d307e42c0d412aafe221f2973d2a55b78b46ea919fe76421e3080367d3b17ec,SIFT1M,d-HNSW,3,3,8e9bcba566e474ce7a2ab6d2a503f1d7ace02d0f8b6c4e65848379d852567ad5,bf4c4c9db385017e63e7b0a9ccd8e3aab3744a02e053c135e000fa0b1dea2d6f,c1130328dffc9ac74262669f0879856786eb15dba7cb2d72d0af7d51efa680a6,10000,10000,0,671.0340304736245,0.8981599941918,,,,,0.9041558718353383,sources/SIFT1M_d-HNSW_3cn_r3.json,360a8f34982fccce7cf18176259157c4b50f13c9a5481553ebbe8b1ca768e09e
vldb-multicn-formal-20260719f,3d307e42c0d412aafe221f2973d2a55b78b46ea919fe76421e3080367d3b17ec,SIFT1M,d-HNSW,3,4,8e9bcba566e474ce7a2ab6d2a503f1d7ace02d0f8b6c4e65848379d852567ad5,bf4c4c9db385017e63e7b0a9ccd8e3aab3744a02e053c135e000fa0b1dea2d6f,c1130328dffc9ac74262669f0879856786eb15dba7cb2d72d0af7d51efa680a6,10000,10000,0,630.9266437675108,0.8981599941918,,,,,0.9087965221399149,sources/SIFT1M_d-HNSW_3cn_r4.json,3349c815785a631358f95504c2aa1e3183a62094f8855ab315fa8abb4876c94f
vldb-multicn-formal-20260719f,3d307e42c0d412aafe221f2973d2a55b78b46ea919fe76421e3080367d3b17ec,DEEP1M,SHINE,1,0,2e60c6ea3bb3893b66cbce65cfdc5d82faab4a74fcc469fdeb7b5ff8dda34fb6,68973a8fa5af6691d904c0f5a292136be6e3f21fed6b28154a1bfbdb1c93db57,edce835964026fe3161d1c3c0a9fdf5144fae22ee30d9b55585bebfca0117ce5,10000,10000,0,1111.0,0.98901,18322.383,26722.386000000002,3018.3664,1176736.104,1.0,sources/DEEP1M_SHINE_1cn_r0.json,48e8ceacdf984d668e0d5ff2427634fc6867b641e847670bc60c9cc17beca4bf
vldb-multicn-formal-20260719f,3d307e42c0d412aafe221f2973d2a55b78b46ea919fe76421e3080367d3b17ec,DEEP1M,SHINE,1,1,2e60c6ea3bb3893b66cbce65cfdc5d82faab4a74fcc469fdeb7b5ff8dda34fb6,68973a8fa5af6691d904c0f5a292136be6e3f21fed6b28154a1bfbdb1c93db57,edce835964026fe3161d1c3c0a9fdf5144fae22ee30d9b55585bebfca0117ce5,10000,10000,0,1117.0,0.98901,18196.760000000002,26441.684,3018.3664,1176736.104,1.0,sources/DEEP1M_SHINE_1cn_r1.json,751ce1d32cf195095041e28460a32bf901ed8484e03587b6c989c9da84a3f350
vldb-multicn-formal-20260719f,3d307e42c0d412aafe221f2973d2a55b78b46ea919fe76421e3080367d3b17ec,DEEP1M,SHINE,1,2,2e60c6ea3bb3893b66cbce65cfdc5d82faab4a74fcc469fdeb7b5ff8dda34fb6,68973a8fa5af6691d904c0f5a292136be6e3f21fed6b28154a1bfbdb1c93db57,edce835964026fe3161d1c3c0a9fdf5144fae22ee30d9b55585bebfca0117ce5,10000,10000,0,1109.0,0.98901,18365.177,26575.907,3018.3664,1176736.104,1.0,sources/DEEP1M_SHINE_1cn_r2.json,8117f23f5c105433f2e8329654b32dae0667ea4a90754869c74a0d48b3da9a58
vldb-multicn-formal-20260719f,3d307e42c0d412aafe221f2973d2a55b78b46ea919fe76421e3080367d3b17ec,DEEP1M,SHINE,1,3,2e60c6ea3bb3893b66cbce65cfdc5d82faab4a74fcc469fdeb7b5ff8dda34fb6,68973a8fa5af6691d904c0f5a292136be6e3f21fed6b28154a1bfbdb1c93db57,edce835964026fe3161d1c3c0a9fdf5144fae22ee30d9b55585bebfca0117ce5,10000,10000,0,1113.0,0.98901,18290.273,26674.516,3018.3664,1176736.104,1.0,sources/DEEP1M_SHINE_1cn_r3.json,eb1aef4fac5f5a3e93d95dc83cdfce55de59efe564567d3718b76d193e86604a
vldb-multicn-formal-20260719f,3d307e42c0d412aafe221f2973d2a55b78b46ea919fe76421e3080367d3b17ec,DEEP1M,SHINE,1,4,2e60c6ea3bb3893b66cbce65cfdc5d82faab4a74fcc469fdeb7b5ff8dda34fb6,68973a8fa5af6691d904c0f5a292136be6e3f21fed6b28154a1bfbdb1c93db57,edce835964026fe3161d1c3c0a9fdf5144fae22ee30d9b55585bebfca0117ce5,10000,10000,0,1113.0,0.98901,18298.009000000002,26578.477,3018.3664,1176736.104,1.0,sources/DEEP1M_SHINE_1cn_r4.json,606bc3d3200e71fe4cadce87f8dc9bb054fc99583be2807c37b057046296ab35
vldb-multicn-formal-20260719f,3d307e42c0d412aafe221f2973d2a55b78b46ea919fe76421e3080367d3b17ec,DEEP1M,SHINE,2,0,2e60c6ea3bb3893b66cbce65cfdc5d82faab4a74fcc469fdeb7b5ff8dda34fb6,68973a8fa5af6691d904c0f5a292136be6e3f21fed6b28154a1bfbdb1c93db57,edce835964026fe3161d1c3c0a9fdf5144fae22ee30d9b55585bebfca0117ce5,10000,10000,0,2182.0,0.98901,,,3018.3684,1176736.12,0.999560547242011,sources/DEEP1M_SHINE_2cn_r0.json,ddd33c106a992f2280438c62a2a1ac5c304cebd844b8ba2a0fa1810cba1284e9
vldb-multicn-formal-20260719f,3d307e42c0d412aafe221f2973d2a55b78b46ea919fe76421e3080367d3b17ec,DEEP1M,SHINE,2,1,2e60c6ea3bb3893b66cbce65cfdc5d82faab4a74fcc469fdeb7b5ff8dda34fb6,68973a8fa5af6691d904c0f5a292136be6e3f21fed6b28154a1bfbdb1c93db57,edce835964026fe3161d1c3c0a9fdf5144fae22ee30d9b55585bebfca0117ce5,10000,10000,0,2194.0,0.98901,,,3018.3684,1176736.12,0.9995816754631877,sources/DEEP1M_SHINE_2cn_r1.json,968047aff5276a4d771596ade3700f11b03762d14cc669452d3b509da877acb9
vldb-multicn-formal-20260719f,3d307e42c0d412aafe221f2973d2a55b78b46ea919fe76421e3080367d3b17ec,DEEP1M,SHINE,2,2,2e60c6ea3bb3893b66cbce65cfdc5d82faab4a74fcc469fdeb7b5ff8dda34fb6,68973a8fa5af6691d904c0f5a292136be6e3f21fed6b28154a1bfbdb1c93db57,edce835964026fe3161d1c3c0a9fdf5144fae22ee30d9b55585bebfca0117ce5,10000,10000,0,2204.0,0.98901,,,3018.3684,1176736.12,0.9996607979697063,sources/DEEP1M_SHINE_2cn_r2.json,7f81359a462a517a69ed19eb2a1527ff1248ae0dd316860fbca0179cd8602588
vldb-multicn-formal-20260719f,3d307e42c0d412aafe221f2973d2a55b78b46ea919fe76421e3080367d3b17ec,DEEP1M,SHINE,2,3,2e60c6ea3bb3893b66cbce65cfdc5d82faab4a74fcc469fdeb7b5ff8dda34fb6,68973a8fa5af6691d904c0f5a292136be6e3f21fed6b28154a1bfbdb1c93db57,edce835964026fe3161d1c3c0a9fdf5144fae22ee30d9b55585bebfca0117ce5,10000,10000,0,2197.0,0.98901,,,3018.3684,1176736.12,0.9996928105496596,sources/DEEP1M_SHINE_2cn_r3.json,be772257319166812488d47d5d5c9f5c1a5a621e701fbf1c2e9b6a777b130816
vldb-multicn-formal-20260719f,3d307e42c0d412aafe221f2973d2a55b78b46ea919fe76421e3080367d3b17ec,DEEP1M,SHINE,2,4,2e60c6ea3bb3893b66cbce65cfdc5d82faab4a74fcc469fdeb7b5ff8dda34fb6,68973a8fa5af6691d904c0f5a292136be6e3f21fed6b28154a1bfbdb1c93db57,edce835964026fe3161d1c3c0a9fdf5144fae22ee30d9b55585bebfca0117ce5,10000,10000,0,2197.0,0.98901,,,3018.3684,1176736.12,0.9996669098044582,sources/DEEP1M_SHINE_2cn_r4.json,c6b0ea35478abab74e06b5a798020b5ffde35be476f70ae5506312b78e9506b9
vldb-multicn-formal-20260719f,3d307e42c0d412aafe221f2973d2a55b78b46ea919fe76421e3080367d3b17ec,DEEP1M,SHINE,3,0,2e60c6ea3bb3893b66cbce65cfdc5d82faab4a74fcc469fdeb7b5ff8dda34fb6,68973a8fa5af6691d904c0f5a292136be6e3f21fed6b28154a1bfbdb1c93db57,edce835964026fe3161d1c3c0a9fdf5144fae22ee30d9b55585bebfca0117ce5,10000,10000,0,3274.0,0.98901,,,3018.3704,1176736.136,0.999697326036342,sources/DEEP1M_SHINE_3cn_r0.json,07837227dc137c0fdc34d92c0151755bab2e41974bb23f8f6a74575ac443f2ea
vldb-multicn-formal-20260719f,3d307e42c0d412aafe221f2973d2a55b78b46ea919fe76421e3080367d3b17ec,DEEP1M,SHINE,3,1,2e60c6ea3bb3893b66cbce65cfdc5d82faab4a74fcc469fdeb7b5ff8dda34fb6,68973a8fa5af6691d904c0f5a292136be6e3f21fed6b28154a1bfbdb1c93db57,edce835964026fe3161d1c3c0a9fdf5144fae22ee30d9b55585bebfca0117ce5,10000,10000,0,3281.0,0.98901,,,3018.3704,1176736.136,0.9997726341485978,sources/DEEP1M_SHINE_3cn_r1.json,9230fbfb8fe3ad9c85090d1589d84e132c4ba1a47beebdec3cec8cc4ef23d5c1
vldb-multicn-formal-20260719f,3d307e42c0d412aafe221f2973d2a55b78b46ea919fe76421e3080367d3b17ec,DEEP1M,SHINE,3,2,2e60c6ea3bb3893b66cbce65cfdc5d82faab4a74fcc469fdeb7b5ff8dda34fb6,68973a8fa5af6691d904c0f5a292136be6e3f21fed6b28154a1bfbdb1c93db57,edce835964026fe3161d1c3c0a9fdf5144fae22ee30d9b55585bebfca0117ce5,10000,10000,0,3280.0,0.98901,,,3018.3704,1176736.136,0.9997893189712269,sources/DEEP1M_SHINE_3cn_r2.json,3f62568f55ddea146d12b6b6ba718bad47192248675794b3711d5df716b89c83
vldb-multicn-formal-20260719f,3d307e42c0d412aafe221f2973d2a55b78b46ea919fe76421e3080367d3b17ec,DEEP1M,SHINE,3,3,2e60c6ea3bb3893b66cbce65cfdc5d82faab4a74fcc469fdeb7b5ff8dda34fb6,68973a8fa5af6691d904c0f5a292136be6e3f21fed6b28154a1bfbdb1c93db57,edce835964026fe3161d1c3c0a9fdf5144fae22ee30d9b55585bebfca0117ce5,10000,10000,0,3271.0,0.98901,,,3018.3704,1176736.136,0.9998264133895834,sources/DEEP1M_SHINE_3cn_r3.json,0e9557dda2d22f99e34437927db0194fcae8afe28094c7fc87466ed7559613af
vldb-multicn-formal-20260719f,3d307e42c0d412aafe221f2973d2a55b78b46ea919fe76421e3080367d3b17ec,DEEP1M,SHINE,3,4,2e60c6ea3bb3893b66cbce65cfdc5d82faab4a74fcc469fdeb7b5ff8dda34fb6,68973a8fa5af6691d904c0f5a292136be6e3f21fed6b28154a1bfbdb1c93db57,edce835964026fe3161d1c3c0a9fdf5144fae22ee30d9b55585bebfca0117ce5,10000,10000,0,3251.0,0.98901,,,3018.3704,1176736.136,0.9995663617730572,sources/DEEP1M_SHINE_3cn_r4.json,7aaad848b0fe35581ef721bc18800d80d1aaa37c8db01fe1bfee2d2c4a5e5a3e
vldb-multicn-formal-20260719f,3d307e42c0d412aafe221f2973d2a55b78b46ea919fe76421e3080367d3b17ec,DEEP1M,SlabWalk,1,0,2e60c6ea3bb3893b66cbce65cfdc5d82faab4a74fcc469fdeb7b5ff8dda34fb6,68973a8fa5af6691d904c0f5a292136be6e3f21fed6b28154a1bfbdb1c93db57,edce835964026fe3161d1c3c0a9fdf5144fae22ee30d9b55585bebfca0117ce5,10000,10000,0,10422.0,0.98907,1875.857,2382.821,201.8453,761436.3176,1.0,sources/DEEP1M_SlabWalk_1cn_r0.json,d14df1c13cf35515c2fecca1c57aa7465d0138a8a48721cf6f2f7bf4421ff10d
vldb-multicn-formal-20260719f,3d307e42c0d412aafe221f2973d2a55b78b46ea919fe76421e3080367d3b17ec,DEEP1M,SlabWalk,1,1,2e60c6ea3bb3893b66cbce65cfdc5d82faab4a74fcc469fdeb7b5ff8dda34fb6,68973a8fa5af6691d904c0f5a292136be6e3f21fed6b28154a1bfbdb1c93db57,edce835964026fe3161d1c3c0a9fdf5144fae22ee30d9b55585bebfca0117ce5,10000,10000,0,10535.0,0.98907,1868.134,2139.038,201.8453,761436.3176,1.0,sources/DEEP1M_SlabWalk_1cn_r1.json,59c8ecc388c946a06f0d81b2eff381c23d2f528d9849786159bfe1e2d369b202
vldb-multicn-formal-20260719f,3d307e42c0d412aafe221f2973d2a55b78b46ea919fe76421e3080367d3b17ec,DEEP1M,SlabWalk,1,2,2e60c6ea3bb3893b66cbce65cfdc5d82faab4a74fcc469fdeb7b5ff8dda34fb6,68973a8fa5af6691d904c0f5a292136be6e3f21fed6b28154a1bfbdb1c93db57,edce835964026fe3161d1c3c0a9fdf5144fae22ee30d9b55585bebfca0117ce5,10000,10000,0,10383.0,0.98907,1875.51,2177.366,201.8453,761436.3176,1.0,sources/DEEP1M_SlabWalk_1cn_r2.json,503da5f56a57af5243bbb13ef3a50b48a0d516639622d73bc645380e5e9597ae
vldb-multicn-formal-20260719f,3d307e42c0d412aafe221f2973d2a55b78b46ea919fe76421e3080367d3b17ec,DEEP1M,SlabWalk,1,3,2e60c6ea3bb3893b66cbce65cfdc5d82faab4a74fcc469fdeb7b5ff8dda34fb6,68973a8fa5af6691d904c0f5a292136be6e3f21fed6b28154a1bfbdb1c93db57,edce835964026fe3161d1c3c0a9fdf5144fae22ee30d9b55585bebfca0117ce5,10000,10000,0,10462.0,0.98907,1881.7250000000001,2086.918,201.8453,761436.3176,1.0,sources/DEEP1M_SlabWalk_1cn_r3.json,35a81503c715674e81cd4bcdb45a42676214682dc07391d40c7f3c0b9454103c
vldb-multicn-formal-20260719f,3d307e42c0d412aafe221f2973d2a55b78b46ea919fe76421e3080367d3b17ec,DEEP1M,SlabWalk,1,4,2e60c6ea3bb3893b66cbce65cfdc5d82faab4a74fcc469fdeb7b5ff8dda34fb6,68973a8fa5af6691d904c0f5a292136be6e3f21fed6b28154a1bfbdb1c93db57,edce835964026fe3161d1c3c0a9fdf5144fae22ee30d9b55585bebfca0117ce5,10000,10000,0,10440.0,0.98907,1876.746,2339.5750000000003,201.8453,761436.3176,1.0,sources/DEEP1M_SlabWalk_1cn_r4.json,65765c72a508c3022144ce33fcf00730846a310401fef8e289e9d944a5e6c2ce
vldb-multicn-formal-20260719f,3d307e42c0d412aafe221f2973d2a55b78b46ea919fe76421e3080367d3b17ec,DEEP1M,SlabWalk,2,0,2e60c6ea3bb3893b66cbce65cfdc5d82faab4a74fcc469fdeb7b5ff8dda34fb6,68973a8fa5af6691d904c0f5a292136be6e3f21fed6b28154a1bfbdb1c93db57,edce835964026fe3161d1c3c0a9fdf5144fae22ee30d9b55585bebfca0117ce5,10000,10000,0,14690.0,0.98907,,,201.8453,761436.3176,0.9999017874701907,sources/DEEP1M_SlabWalk_2cn_r0.json,1be2beea29acfecaff6d1d6f8bdbb10514c6b257e3b1ceb962ab84909e4bd1da
vldb-multicn-formal-20260719f,3d307e42c0d412aafe221f2973d2a55b78b46ea919fe76421e3080367d3b17ec,DEEP1M,SlabWalk,2,1,2e60c6ea3bb3893b66cbce65cfdc5d82faab4a74fcc469fdeb7b5ff8dda34fb6,68973a8fa5af6691d904c0f5a292136be6e3f21fed6b28154a1bfbdb1c93db57,edce835964026fe3161d1c3c0a9fdf5144fae22ee30d9b55585bebfca0117ce5,10000,10000,0,14691.0,0.98907,,,201.8453,761436.3176,0.9998992795610641,sources/DEEP1M_SlabWalk_2cn_r1.json,3640080c5b535fe2d0a834b7a356b2d5ce10c488a251db37cac7c8265694f9b4
vldb-multicn-formal-20260719f,3d307e42c0d412aafe221f2973d2a55b78b46ea919fe76421e3080367d3b17ec,DEEP1M,SlabWalk,2,2,2e60c6ea3bb3893b66cbce65cfdc5d82faab4a74fcc469fdeb7b5ff8dda34fb6,68973a8fa5af6691d904c0f5a292136be6e3f21fed6b28154a1bfbdb1c93db57,edce835964026fe3161d1c3c0a9fdf5144fae22ee30d9b55585bebfca0117ce5,10000,10000,0,14703.0,0.98907,,,201.8453,761436.3176,0.9999422261533429,sources/DEEP1M_SlabWalk_2cn_r2.json,da7b547561b5c659955af9f1c7bca143f7c6a5109f86b5f4848d01fbda08a511
vldb-multicn-formal-20260719f,3d307e42c0d412aafe221f2973d2a55b78b46ea919fe76421e3080367d3b17ec,DEEP1M,SlabWalk,2,3,2e60c6ea3bb3893b66cbce65cfdc5d82faab4a74fcc469fdeb7b5ff8dda34fb6,68973a8fa5af6691d904c0f5a292136be6e3f21fed6b28154a1bfbdb1c93db57,edce835964026fe3161d1c3c0a9fdf5144fae22ee30d9b55585bebfca0117ce5,10000,10000,0,14700.0,0.98907,,,201.8453,761436.3176,0.9999116393810158,sources/DEEP1M_SlabWalk_2cn_r3.json,dd6e06f77ffe1de4c4ccc4af3925ca35a4fb12c8c3bd1ecbf4f1cbf5064d16ba
vldb-multicn-formal-20260719f,3d307e42c0d412aafe221f2973d2a55b78b46ea919fe76421e3080367d3b17ec,DEEP1M,SlabWalk,2,4,2e60c6ea3bb3893b66cbce65cfdc5d82faab4a74fcc469fdeb7b5ff8dda34fb6,68973a8fa5af6691d904c0f5a292136be6e3f21fed6b28154a1bfbdb1c93db57,edce835964026fe3161d1c3c0a9fdf5144fae22ee30d9b55585bebfca0117ce5,10000,10000,0,14707.0,0.98907,,,201.8453,761436.3176,0.9999244140170134,sources/DEEP1M_SlabWalk_2cn_r4.json,eedce15a0b30960ec79a160293b13b6c9c390544f6e3006e9099c21318862b0e
vldb-multicn-formal-20260719f,3d307e42c0d412aafe221f2973d2a55b78b46ea919fe76421e3080367d3b17ec,DEEP1M,SlabWalk,3,0,2e60c6ea3bb3893b66cbce65cfdc5d82faab4a74fcc469fdeb7b5ff8dda34fb6,68973a8fa5af6691d904c0f5a292136be6e3f21fed6b28154a1bfbdb1c93db57,edce835964026fe3161d1c3c0a9fdf5144fae22ee30d9b55585bebfca0117ce5,10000,10000,0,21923.0,0.9890699999999999,,,201.8453,761436.3176,0.9698528784981965,sources/DEEP1M_SlabWalk_3cn_r0.json,7f3bf3a85c35d90a30d63f2b3cea3cf4fb6642e8dfc1c082ad9a86ab548a0323
vldb-multicn-formal-20260719f,3d307e42c0d412aafe221f2973d2a55b78b46ea919fe76421e3080367d3b17ec,DEEP1M,SlabWalk,3,1,2e60c6ea3bb3893b66cbce65cfdc5d82faab4a74fcc469fdeb7b5ff8dda34fb6,68973a8fa5af6691d904c0f5a292136be6e3f21fed6b28154a1bfbdb1c93db57,edce835964026fe3161d1c3c0a9fdf5144fae22ee30d9b55585bebfca0117ce5,10000,10000,0,21960.0,0.9890699999999999,,,201.8453,761436.3176,0.9690185677088597,sources/DEEP1M_SlabWalk_3cn_r1.json,773acd7c85deef7e75268187d4bc8ec5ce9aa8ea996504f5403bc0607efa3d02
vldb-multicn-formal-20260719f,3d307e42c0d412aafe221f2973d2a55b78b46ea919fe76421e3080367d3b17ec,DEEP1M,SlabWalk,3,2,2e60c6ea3bb3893b66cbce65cfdc5d82faab4a74fcc469fdeb7b5ff8dda34fb6,68973a8fa5af6691d904c0f5a292136be6e3f21fed6b28154a1bfbdb1c93db57,edce835964026fe3161d1c3c0a9fdf5144fae22ee30d9b55585bebfca0117ce5,10000,10000,0,21959.0,0.9890699999999999,,,201.8453,761436.3176,0.9686313168714547,sources/DEEP1M_SlabWalk_3cn_r2.json,9232fdf14e23da2e501d55f82e48e96428fa445ba3cd1a912ad3c774dcfac3db
vldb-multicn-formal-20260719f,3d307e42c0d412aafe221f2973d2a55b78b46ea919fe76421e3080367d3b17ec,DEEP1M,SlabWalk,3,3,2e60c6ea3bb3893b66cbce65cfdc5d82faab4a74fcc469fdeb7b5ff8dda34fb6,68973a8fa5af6691d904c0f5a292136be6e3f21fed6b28154a1bfbdb1c93db57,edce835964026fe3161d1c3c0a9fdf5144fae22ee30d9b55585bebfca0117ce5,10000,10000,0,21717.0,0.9890699999999999,,,201.8453,761436.3176,0.9681395571350663,sources/DEEP1M_SlabWalk_3cn_r3.json,fbb10f065a16840bf2e988c4ccf80b7d1fcaac906d1478411fe24da13482359d
vldb-multicn-formal-20260719f,3d307e42c0d412aafe221f2973d2a55b78b46ea919fe76421e3080367d3b17ec,DEEP1M,SlabWalk,3,4,2e60c6ea3bb3893b66cbce65cfdc5d82faab4a74fcc469fdeb7b5ff8dda34fb6,68973a8fa5af6691d904c0f5a292136be6e3f21fed6b28154a1bfbdb1c93db57,edce835964026fe3161d1c3c0a9fdf5144fae22ee30d9b55585bebfca0117ce5,10000,10000,0,21935.0,0.9890699999999999,,,201.8453,761436.3176,0.9687031180554296,sources/DEEP1M_SlabWalk_3cn_r4.json,31c18e28122930ec9882856a94728849365f5fe7b18cf70afd2131d9adf7d2f7
vldb-multicn-formal-20260719f,3d307e42c0d412aafe221f2973d2a55b78b46ea919fe76421e3080367d3b17ec,DEEP1M,d-HNSW,1,0,8e9bcba566e474ce7a2ab6d2a503f1d7ace02d0f8b6c4e65848379d852567ad5,68973a8fa5af6691d904c0f5a292136be6e3f21fed6b28154a1bfbdb1c93db57,edce835964026fe3161d1c3c0a9fdf5144fae22ee30d9b55585bebfca0117ce5,10000,10000,0,681.5070925099409,0.908919996,,,,,1.0,sources/DEEP1M_d-HNSW_1cn_r0.json,79aa40bdfff8e9ee0de3e1d87192f1533fcace5fe9ad9d9a31915d8a880f7002
vldb-multicn-formal-20260719f,3d307e42c0d412aafe221f2973d2a55b78b46ea919fe76421e3080367d3b17ec,DEEP1M,d-HNSW,1,1,8e9bcba566e474ce7a2ab6d2a503f1d7ace02d0f8b6c4e65848379d852567ad5,68973a8fa5af6691d904c0f5a292136be6e3f21fed6b28154a1bfbdb1c93db57,edce835964026fe3161d1c3c0a9fdf5144fae22ee30d9b55585bebfca0117ce5,10000,10000,0,787.7785807579468,0.908919996,,,,,1.0,sources/DEEP1M_d-HNSW_1cn_r1.json,0664c666255b79dda8715a9dad526a9c1ffd82b2a1c851af5b75ac650cd626b1
vldb-multicn-formal-20260719f,3d307e42c0d412aafe221f2973d2a55b78b46ea919fe76421e3080367d3b17ec,DEEP1M,d-HNSW,1,2,8e9bcba566e474ce7a2ab6d2a503f1d7ace02d0f8b6c4e65848379d852567ad5,68973a8fa5af6691d904c0f5a292136be6e3f21fed6b28154a1bfbdb1c93db57,edce835964026fe3161d1c3c0a9fdf5144fae22ee30d9b55585bebfca0117ce5,10000,10000,0,784.3179132557318,0.908919996,,,,,1.0,sources/DEEP1M_d-HNSW_1cn_r2.json,0031b9a17cf696cc5087b52ce9e355c24cc8b21b2a7882509599982bdaa44be9
vldb-multicn-formal-20260719f,3d307e42c0d412aafe221f2973d2a55b78b46ea919fe76421e3080367d3b17ec,DEEP1M,d-HNSW,1,3,8e9bcba566e474ce7a2ab6d2a503f1d7ace02d0f8b6c4e65848379d852567ad5,68973a8fa5af6691d904c0f5a292136be6e3f21fed6b28154a1bfbdb1c93db57,edce835964026fe3161d1c3c0a9fdf5144fae22ee30d9b55585bebfca0117ce5,10000,10000,0,815.9321792668649,0.908919996,,,,,1.0,sources/DEEP1M_d-HNSW_1cn_r3.json,10ac313e29316e32c0ad46b60a91199dc3687c9d3e5ce35cd3864281449f12a1
vldb-multicn-formal-20260719f,3d307e42c0d412aafe221f2973d2a55b78b46ea919fe76421e3080367d3b17ec,DEEP1M,d-HNSW,1,4,8e9bcba566e474ce7a2ab6d2a503f1d7ace02d0f8b6c4e65848379d852567ad5,68973a8fa5af6691d904c0f5a292136be6e3f21fed6b28154a1bfbdb1c93db57,edce835964026fe3161d1c3c0a9fdf5144fae22ee30d9b55585bebfca0117ce5,10000,10000,0,789.9057753913057,0.908919996,,,,,1.0,sources/DEEP1M_d-HNSW_1cn_r4.json,1ed365a8b06affa93188a76837071dbe10f65f9b50bcef7da08989687591c78c
vldb-multicn-formal-20260719f,3d307e42c0d412aafe221f2973d2a55b78b46ea919fe76421e3080367d3b17ec,DEEP1M,d-HNSW,2,0,8e9bcba566e474ce7a2ab6d2a503f1d7ace02d0f8b6c4e65848379d852567ad5,68973a8fa5af6691d904c0f5a292136be6e3f21fed6b28154a1bfbdb1c93db57,edce835964026fe3161d1c3c0a9fdf5144fae22ee30d9b55585bebfca0117ce5,10000,10000,0,813.4516292126184,0.9089200049499999,,,,,0.9999996826168841,sources/DEEP1M_d-HNSW_2cn_r0.json,3597902fdd00c21c7133a76eb0b40c3febfe3d752ac9f07412c0c78ae24945f2
vldb-multicn-formal-20260719f,3d307e42c0d412aafe221f2973d2a55b78b46ea919fe76421e3080367d3b17ec,DEEP1M,d-HNSW,2,1,8e9bcba566e474ce7a2ab6d2a503f1d7ace02d0f8b6c4e65848379d852567ad5,68973a8fa5af6691d904c0f5a292136be6e3f21fed6b28154a1bfbdb1c93db57,edce835964026fe3161d1c3c0a9fdf5144fae22ee30d9b55585bebfca0117ce5,10000,10000,0,810.512573892874,0.9089200049499999,,,,,0.9996782622880457,sources/DEEP1M_d-HNSW_2cn_r1.json,6e8a2443b7743ffcedff1238ee7be008b22c375ce7cab018729c70ec6f173a7a
vldb-multicn-formal-20260719f,3d307e42c0d412aafe221f2973d2a55b78b46ea919fe76421e3080367d3b17ec,DEEP1M,d-HNSW,2,2,8e9bcba566e474ce7a2ab6d2a503f1d7ace02d0f8b6c4e65848379d852567ad5,68973a8fa5af6691d904c0f5a292136be6e3f21fed6b28154a1bfbdb1c93db57,edce835964026fe3161d1c3c0a9fdf5144fae22ee30d9b55585bebfca0117ce5,10000,10000,0,719.3985633188886,0.9089200049499999,,,,,0.9999963575049833,sources/DEEP1M_d-HNSW_2cn_r2.json,6bef9a673da37f74aaecd7bcca13cfb7859dcfb9d5e94e57ee1158eb7a498bef
vldb-multicn-formal-20260719f,3d307e42c0d412aafe221f2973d2a55b78b46ea919fe76421e3080367d3b17ec,DEEP1M,d-HNSW,2,3,8e9bcba566e474ce7a2ab6d2a503f1d7ace02d0f8b6c4e65848379d852567ad5,68973a8fa5af6691d904c0f5a292136be6e3f21fed6b28154a1bfbdb1c93db57,edce835964026fe3161d1c3c0a9fdf5144fae22ee30d9b55585bebfca0117ce5,10000,10000,0,564.8208311067165,0.9089200049499999,,,,,0.9558558522315501,sources/DEEP1M_d-HNSW_2cn_r3.json,f54527f07e19787af37d623e44994ef288ce8d6f5b2b51ef1d78c57c81a530aa
vldb-multicn-formal-20260719f,3d307e42c0d412aafe221f2973d2a55b78b46ea919fe76421e3080367d3b17ec,DEEP1M,d-HNSW,2,4,8e9bcba566e474ce7a2ab6d2a503f1d7ace02d0f8b6c4e65848379d852567ad5,68973a8fa5af6691d904c0f5a292136be6e3f21fed6b28154a1bfbdb1c93db57,edce835964026fe3161d1c3c0a9fdf5144fae22ee30d9b55585bebfca0117ce5,10000,10000,0,764.9606918421114,0.9089200049499999,,,,,0.9892654115375406,sources/DEEP1M_d-HNSW_2cn_r4.json,c56a5438d1a1cf1260a3a0bffddc1a78b3c0f5cfefcb275b7bf603ed43148211
vldb-multicn-formal-20260719f,3d307e42c0d412aafe221f2973d2a55b78b46ea919fe76421e3080367d3b17ec,DEEP1M,d-HNSW,3,0,8e9bcba566e474ce7a2ab6d2a503f1d7ace02d0f8b6c4e65848379d852567ad5,68973a8fa5af6691d904c0f5a292136be6e3f21fed6b28154a1bfbdb1c93db57,edce835964026fe3161d1c3c0a9fdf5144fae22ee30d9b55585bebfca0117ce5,10000,10000,0,681.3854266136485,0.9089099950149,,,,,0.9061576799255726,sources/DEEP1M_d-HNSW_3cn_r0.json,83ad6d4eb58643531217f70403283bc18a159ec36428331c609fede52bfc95cf
vldb-multicn-formal-20260719f,3d307e42c0d412aafe221f2973d2a55b78b46ea919fe76421e3080367d3b17ec,DEEP1M,d-HNSW,3,1,8e9bcba566e474ce7a2ab6d2a503f1d7ace02d0f8b6c4e65848379d852567ad5,68973a8fa5af6691d904c0f5a292136be6e3f21fed6b28154a1bfbdb1c93db57,edce835964026fe3161d1c3c0a9fdf5144fae22ee30d9b55585bebfca0117ce5,10000,10000,0,668.2226011811813,0.9089099950149,,,,,0.9662868793515778,sources/DEEP1M_d-HNSW_3cn_r1.json,828934830fa3af3d143fb8f0370c20f8fbb9716e484ce47922502425dd4562c2
vldb-multicn-formal-20260719f,3d307e42c0d412aafe221f2973d2a55b78b46ea919fe76421e3080367d3b17ec,DEEP1M,d-HNSW,3,2,8e9bcba566e474ce7a2ab6d2a503f1d7ace02d0f8b6c4e65848379d852567ad5,68973a8fa5af6691d904c0f5a292136be6e3f21fed6b28154a1bfbdb1c93db57,edce835964026fe3161d1c3c0a9fdf5144fae22ee30d9b55585bebfca0117ce5,10000,10000,0,568.311024576538,0.9089099950149,,,,,0.836042825583723,sources/DEEP1M_d-HNSW_3cn_r2.json,610741a597b66970c1f96cd4a52ed4c3e0b2268b39bcd302db2489a2f7cb29da
vldb-multicn-formal-20260719f,3d307e42c0d412aafe221f2973d2a55b78b46ea919fe76421e3080367d3b17ec,DEEP1M,d-HNSW,3,3,8e9bcba566e474ce7a2ab6d2a503f1d7ace02d0f8b6c4e65848379d852567ad5,68973a8fa5af6691d904c0f5a292136be6e3f21fed6b28154a1bfbdb1c93db57,edce835964026fe3161d1c3c0a9fdf5144fae22ee30d9b55585bebfca0117ce5,10000,10000,0,688.175097667834,0.9089099950149,,,,,0.9017421194061234,sources/DEEP1M_d-HNSW_3cn_r3.json,8f91c3e5e82a2405fe3565b442492e1a462c1bb39438f005ef765781c598896d
vldb-multicn-formal-20260719f,3d307e42c0d412aafe221f2973d2a55b78b46ea919fe76421e3080367d3b17ec,DEEP1M,d-HNSW,3,4,8e9bcba566e474ce7a2ab6d2a503f1d7ace02d0f8b6c4e65848379d852567ad5,68973a8fa5af6691d904c0f5a292136be6e3f21fed6b28154a1bfbdb1c93db57,edce835964026fe3161d1c3c0a9fdf5144fae22ee30d9b55585bebfca0117ce5,10000,10000,0,649.2860012732899,0.9089099950149,,,,,0.9048816207804872,sources/DEEP1M_d-HNSW_3cn_r4.json,bdeee41e927abbde45d8239912996df7412805d09d583847b8ef3b559f980767
vldb-multicn-formal-20260719f,3d307e42c0d412aafe221f2973d2a55b78b46ea919fe76421e3080367d3b17ec,GIST1M,SHINE,1,0,2e60c6ea3bb3893b66cbce65cfdc5d82faab4a74fcc469fdeb7b5ff8dda34fb6,5779751c3b63bee0a0c52a0017232ca2340af0527eb0f79270ae09c010423eea,3e0d1ab10df27c25f964992fec6c60a883d2ca627b481388b677c2d62aaa8212,1000,1000,0,457.0,0.9071,44390.969,58184.331,4977.859,18079265.152,1.0,sources/GIST1M_SHINE_1cn_r0.json,38d5ab0b9d82604b2cd0c125d3cb505bfe72422d4206bdaedfe6b71800f8bce5
vldb-multicn-formal-20260719f,3d307e42c0d412aafe221f2973d2a55b78b46ea919fe76421e3080367d3b17ec,GIST1M,SHINE,1,1,2e60c6ea3bb3893b66cbce65cfdc5d82faab4a74fcc469fdeb7b5ff8dda34fb6,5779751c3b63bee0a0c52a0017232ca2340af0527eb0f79270ae09c010423eea,3e0d1ab10df27c25f964992fec6c60a883d2ca627b481388b677c2d62aaa8212,1000,1000,0,461.0,0.9071,44213.308000000005,58130.631,4977.859,18079265.152,1.0,sources/GIST1M_SHINE_1cn_r1.json,4a08fccb1b8afed5f1ccb1334c044ead0bd1c32e6aadbeb582a5ce4ef0a5a79a
vldb-multicn-formal-20260719f,3d307e42c0d412aafe221f2973d2a55b78b46ea919fe76421e3080367d3b17ec,GIST1M,SHINE,1,2,2e60c6ea3bb3893b66cbce65cfdc5d82faab4a74fcc469fdeb7b5ff8dda34fb6,5779751c3b63bee0a0c52a0017232ca2340af0527eb0f79270ae09c010423eea,3e0d1ab10df27c25f964992fec6c60a883d2ca627b481388b677c2d62aaa8212,1000,1000,0,459.0,0.9071,44506.933000000005,58168.41,4977.859,18079265.152,1.0,sources/GIST1M_SHINE_1cn_r2.json,56ce3c7b4b92c44d56c361a3e5f2d41b3414a0fc6f4e2545ed8cd27bc4deed8d
vldb-multicn-formal-20260719f,3d307e42c0d412aafe221f2973d2a55b78b46ea919fe76421e3080367d3b17ec,GIST1M,SHINE,1,3,2e60c6ea3bb3893b66cbce65cfdc5d82faab4a74fcc469fdeb7b5ff8dda34fb6,5779751c3b63bee0a0c52a0017232ca2340af0527eb0f79270ae09c010423eea,3e0d1ab10df27c25f964992fec6c60a883d2ca627b481388b677c2d62aaa8212,1000,1000,0,458.0,0.9071,44715.084,58125.173,4977.859,18079265.152,1.0,sources/GIST1M_SHINE_1cn_r3.json,23935256736382c0b0d3fe59ae6b7e616a9e3991476c23abb2e0722315ece8ac
vldb-multicn-formal-20260719f,3d307e42c0d412aafe221f2973d2a55b78b46ea919fe76421e3080367d3b17ec,GIST1M,SHINE,1,4,2e60c6ea3bb3893b66cbce65cfdc5d82faab4a74fcc469fdeb7b5ff8dda34fb6,5779751c3b63bee0a0c52a0017232ca2340af0527eb0f79270ae09c010423eea,3e0d1ab10df27c25f964992fec6c60a883d2ca627b481388b677c2d62aaa8212,1000,1000,0,459.0,0.9071,44389.019,59397.072,4977.859,18079265.152,1.0,sources/GIST1M_SHINE_1cn_r4.json,b1a8e1c6731dc1c62d25e1bab9724bb84f01a5e735eda53c2ecfa8c3e6035fab
vldb-multicn-formal-20260719f,3d307e42c0d412aafe221f2973d2a55b78b46ea919fe76421e3080367d3b17ec,GIST1M,SHINE,2,0,2e60c6ea3bb3893b66cbce65cfdc5d82faab4a74fcc469fdeb7b5ff8dda34fb6,5779751c3b63bee0a0c52a0017232ca2340af0527eb0f79270ae09c010423eea,3e0d1ab10df27c25f964992fec6c60a883d2ca627b481388b677c2d62aaa8212,1000,1000,0,624.0,0.9071,,,4977.879,18079265.312,0.9999796995012313,sources/GIST1M_SHINE_2cn_r0.json,097728c04017a248ea7d8d3d5ebdc50282f6738522ec743fb1cabe95d172d1be
vldb-multicn-formal-20260719f,3d307e42c0d412aafe221f2973d2a55b78b46ea919fe76421e3080367d3b17ec,GIST1M,SHINE,2,1,2e60c6ea3bb3893b66cbce65cfdc5d82faab4a74fcc469fdeb7b5ff8dda34fb6,5779751c3b63bee0a0c52a0017232ca2340af0527eb0f79270ae09c010423eea,3e0d1ab10df27c25f964992fec6c60a883d2ca627b481388b677c2d62aaa8212,1000,1000,0,626.0,0.9071,,,4977.879,18079265.312,0.9999967152916792,sources/GIST1M_SHINE_2cn_r1.json,3aac3323595bcaf4c0fb1dfcc4aeab2223d131ed12a3680817b2e312274abec2
vldb-multicn-formal-20260719f,3d307e42c0d412aafe221f2973d2a55b78b46ea919fe76421e3080367d3b17ec,GIST1M,SHINE,2,2,2e60c6ea3bb3893b66cbce65cfdc5d82faab4a74fcc469fdeb7b5ff8dda34fb6,5779751c3b63bee0a0c52a0017232ca2340af0527eb0f79270ae09c010423eea,3e0d1ab10df27c25f964992fec6c60a883d2ca627b481388b677c2d62aaa8212,1000,1000,0,624.0,0.9071,,,4977.879,18079265.312,0.9999778015218249,sources/GIST1M_SHINE_2cn_r2.json,074c35a2492455438645df0fb3f4c2079d340411764fedc29d8797b3d48fd3e8
vldb-multicn-formal-20260719f,3d307e42c0d412aafe221f2973d2a55b78b46ea919fe76421e3080367d3b17ec,GIST1M,SHINE,2,3,2e60c6ea3bb3893b66cbce65cfdc5d82faab4a74fcc469fdeb7b5ff8dda34fb6,5779751c3b63bee0a0c52a0017232ca2340af0527eb0f79270ae09c010423eea,3e0d1ab10df27c25f964992fec6c60a883d2ca627b481388b677c2d62aaa8212,1000,1000,0,625.0,0.9071,,,4977.879,18079265.312,0.9999803922979561,sources/GIST1M_SHINE_2cn_r3.json,3ba467ead92923e265d29e9b7a43377aefc364bbee72386774793271fc164460
vldb-multicn-formal-20260719f,3d307e42c0d412aafe221f2973d2a55b78b46ea919fe76421e3080367d3b17ec,GIST1M,SHINE,2,4,2e60c6ea3bb3893b66cbce65cfdc5d82faab4a74fcc469fdeb7b5ff8dda34fb6,5779751c3b63bee0a0c52a0017232ca2340af0527eb0f79270ae09c010423eea,3e0d1ab10df27c25f964992fec6c60a883d2ca627b481388b677c2d62aaa8212,1000,1000,0,625.0,0.9071,,,4977.879,18079265.312,0.9999859803809341,sources/GIST1M_SHINE_2cn_r4.json,d2b56be2692f1d3f02037784de3c73ff6c669cf3f349794a3014430a704d0c05
vldb-multicn-formal-20260719f,3d307e42c0d412aafe221f2973d2a55b78b46ea919fe76421e3080367d3b17ec,GIST1M,SHINE,3,0,2e60c6ea3bb3893b66cbce65cfdc5d82faab4a74fcc469fdeb7b5ff8dda34fb6,5779751c3b63bee0a0c52a0017232ca2340af0527eb0f79270ae09c010423eea,3e0d1ab10df27c25f964992fec6c60a883d2ca627b481388b677c2d62aaa8212,1000,1000,0,626.0,0.9071,,,4977.899,18079265.472,0.9999200387314824,sources/GIST1M_SHINE_3cn_r0.json,0845065a579ada8d6dc74038d86cfda3169a2beff52684deaabbbbd9aa2a9edd
vldb-multicn-formal-20260719f,3d307e42c0d412aafe221f2973d2a55b78b46ea919fe76421e3080367d3b17ec,GIST1M,SHINE,3,1,2e60c6ea3bb3893b66cbce65cfdc5d82faab4a74fcc469fdeb7b5ff8dda34fb6,5779751c3b63bee0a0c52a0017232ca2340af0527eb0f79270ae09c010423eea,3e0d1ab10df27c25f964992fec6c60a883d2ca627b481388b677c2d62aaa8212,1000,1000,0,626.0,0.9071,,,4977.899,18079265.472,0.9999093434972599,sources/GIST1M_SHINE_3cn_r1.json,48327efdc5152c6ad0744ee26488a7eed31cf9c541160875d3e2049b81371efe
vldb-multicn-formal-20260719f,3d307e42c0d412aafe221f2973d2a55b78b46ea919fe76421e3080367d3b17ec,GIST1M,SHINE,3,2,2e60c6ea3bb3893b66cbce65cfdc5d82faab4a74fcc469fdeb7b5ff8dda34fb6,5779751c3b63bee0a0c52a0017232ca2340af0527eb0f79270ae09c010423eea,3e0d1ab10df27c25f964992fec6c60a883d2ca627b481388b677c2d62aaa8212,1000,1000,0,627.0,0.9071,,,4977.899,18079265.472,0.9998788545849306,sources/GIST1M_SHINE_3cn_r2.json,ba83b36acc5abb63e7b6d2ccebef8ece7e99539f81e3d72ab792b9ee4544b818
vldb-multicn-formal-20260719f,3d307e42c0d412aafe221f2973d2a55b78b46ea919fe76421e3080367d3b17ec,GIST1M,SHINE,3,3,2e60c6ea3bb3893b66cbce65cfdc5d82faab4a74fcc469fdeb7b5ff8dda34fb6,5779751c3b63bee0a0c52a0017232ca2340af0527eb0f79270ae09c010423eea,3e0d1ab10df27c25f964992fec6c60a883d2ca627b481388b677c2d62aaa8212,1000,1000,0,624.0,0.9071,,,4977.899,18079265.472,0.999898089896671,sources/GIST1M_SHINE_3cn_r3.json,101483888dc559bed5bf6ade69ca1b88481ec7d65aec856495d54c4c7b8c1860
vldb-multicn-formal-20260719f,3d307e42c0d412aafe221f2973d2a55b78b46ea919fe76421e3080367d3b17ec,GIST1M,SHINE,3,4,2e60c6ea3bb3893b66cbce65cfdc5d82faab4a74fcc469fdeb7b5ff8dda34fb6,5779751c3b63bee0a0c52a0017232ca2340af0527eb0f79270ae09c010423eea,3e0d1ab10df27c25f964992fec6c60a883d2ca627b481388b677c2d62aaa8212,1000,1000,0,626.0,0.9071,,,4977.899,18079265.472,0.9999058981430152,sources/GIST1M_SHINE_3cn_r4.json,9bd08296a112a2830ea0c4eff40929ee3caa554a3f1bf35ebe13a8abb58cb8ef
vldb-multicn-formal-20260719f,3d307e42c0d412aafe221f2973d2a55b78b46ea919fe76421e3080367d3b17ec,GIST1M,SlabWalk,1,0,2e60c6ea3bb3893b66cbce65cfdc5d82faab4a74fcc469fdeb7b5ff8dda34fb6,5779751c3b63bee0a0c52a0017232ca2340af0527eb0f79270ae09c010423eea,3e0d1ab10df27c25f964992fec6c60a883d2ca627b481388b677c2d62aaa8212,1000,1000,0,3148.0,0.906,6113.286,11801.710000000001,302.27,3125487.968,1.0,sources/GIST1M_SlabWalk_1cn_r0.json,c6d3d5a8a581be2afd8c8984bac1679911c1d9fa0d872424108e639979d44693
vldb-multicn-formal-20260719f,3d307e42c0d412aafe221f2973d2a55b78b46ea919fe76421e3080367d3b17ec,GIST1M,SlabWalk,1,1,2e60c6ea3bb3893b66cbce65cfdc5d82faab4a74fcc469fdeb7b5ff8dda34fb6,5779751c3b63bee0a0c52a0017232ca2340af0527eb0f79270ae09c010423eea,3e0d1ab10df27c25f964992fec6c60a883d2ca627b481388b677c2d62aaa8212,1000,1000,0,3222.0,0.906,6065.801,10368.451000000001,302.27,3125487.968,1.0,sources/GIST1M_SlabWalk_1cn_r1.json,71e9c39a5f5a566e6040e3aecd4e93d93373084e8cdd62e84ae7db3a66560a2e
vldb-multicn-formal-20260719f,3d307e42c0d412aafe221f2973d2a55b78b46ea919fe76421e3080367d3b17ec,GIST1M,SlabWalk,1,2,2e60c6ea3bb3893b66cbce65cfdc5d82faab4a74fcc469fdeb7b5ff8dda34fb6,5779751c3b63bee0a0c52a0017232ca2340af0527eb0f79270ae09c010423eea,3e0d1ab10df27c25f964992fec6c60a883d2ca627b481388b677c2d62aaa8212,1000,1000,0,3147.0,0.906,6123.151,11910.789,302.27,3125487.968,1.0,sources/GIST1M_SlabWalk_1cn_r2.json,11bbeda4dd46e5b90264d4df826224c1b7045cbf1b654f6b8476ed34900309b4
vldb-multicn-formal-20260719f,3d307e42c0d412aafe221f2973d2a55b78b46ea919fe76421e3080367d3b17ec,GIST1M,SlabWalk,1,3,2e60c6ea3bb3893b66cbce65cfdc5d82faab4a74fcc469fdeb7b5ff8dda34fb6,5779751c3b63bee0a0c52a0017232ca2340af0527eb0f79270ae09c010423eea,3e0d1ab10df27c25f964992fec6c60a883d2ca627b481388b677c2d62aaa8212,1000,1000,0,3172.0,0.906,6114.505,11680.898000000001,302.27,3125487.968,1.0,sources/GIST1M_SlabWalk_1cn_r3.json,e7a9f5b501a541bc877ce17ddf6841b9f27ce69511f127250fdb03f324e7d29f
vldb-multicn-formal-20260719f,3d307e42c0d412aafe221f2973d2a55b78b46ea919fe76421e3080367d3b17ec,GIST1M,SlabWalk,1,4,2e60c6ea3bb3893b66cbce65cfdc5d82faab4a74fcc469fdeb7b5ff8dda34fb6,5779751c3b63bee0a0c52a0017232ca2340af0527eb0f79270ae09c010423eea,3e0d1ab10df27c25f964992fec6c60a883d2ca627b481388b677c2d62aaa8212,1000,1000,0,3158.0,0.906,6116.528,11842.059000000001,302.27,3125487.968,1.0,sources/GIST1M_SlabWalk_1cn_r4.json,64bae136bd1bfcc4e6bcb26c2099b2fca0480748cd31b5f07f1cbd6ecf8d2e00
vldb-multicn-formal-20260719f,3d307e42c0d412aafe221f2973d2a55b78b46ea919fe76421e3080367d3b17ec,GIST1M,SlabWalk,2,0,2e60c6ea3bb3893b66cbce65cfdc5d82faab4a74fcc469fdeb7b5ff8dda34fb6,5779751c3b63bee0a0c52a0017232ca2340af0527eb0f79270ae09c010423eea,3e0d1ab10df27c25f964992fec6c60a883d2ca627b481388b677c2d62aaa8212,1000,1000,0,3615.0,0.906,,,302.27,3125487.968,0.9999861184438005,sources/GIST1M_SlabWalk_2cn_r0.json,fca0c8dc22b89ee0e7eb7f284a928b3e6c77538dd623a1f2c7558eac8c4a611e
vldb-multicn-formal-20260719f,3d307e42c0d412aafe221f2973d2a55b78b46ea919fe76421e3080367d3b17ec,GIST1M,SlabWalk,2,1,2e60c6ea3bb3893b66cbce65cfdc5d82faab4a74fcc469fdeb7b5ff8dda34fb6,5779751c3b63bee0a0c52a0017232ca2340af0527eb0f79270ae09c010423eea,3e0d1ab10df27c25f964992fec6c60a883d2ca627b481388b677c2d62aaa8212,1000,1000,0,3638.0,0.906,,,302.27,3125487.968,0.999998454310868,sources/GIST1M_SlabWalk_2cn_r1.json,60e7effeec2ccb0d2abd4b51f5bc12a18678040cc7c89470009ed52448d57300
vldb-multicn-formal-20260719f,3d307e42c0d412aafe221f2973d2a55b78b46ea919fe76421e3080367d3b17ec,GIST1M,SlabWalk,2,2,2e60c6ea3bb3893b66cbce65cfdc5d82faab4a74fcc469fdeb7b5ff8dda34fb6,5779751c3b63bee0a0c52a0017232ca2340af0527eb0f79270ae09c010423eea,3e0d1ab10df27c25f964992fec6c60a883d2ca627b481388b677c2d62aaa8212,1000,1000,0,3600.0,0.906,,,302.27,3125487.968,0.9998601247734913,sources/GIST1M_SlabWalk_2cn_r2.json,09e725fd7e5626df13b77cd38b50c2deca53fdcd6305dafa51a77751cb99fe66
vldb-multicn-formal-20260719f,3d307e42c0d412aafe221f2973d2a55b78b46ea919fe76421e3080367d3b17ec,GIST1M,SlabWalk,2,3,2e60c6ea3bb3893b66cbce65cfdc5d82faab4a74fcc469fdeb7b5ff8dda34fb6,5779751c3b63bee0a0c52a0017232ca2340af0527eb0f79270ae09c010423eea,3e0d1ab10df27c25f964992fec6c60a883d2ca627b481388b677c2d62aaa8212,1000,1000,0,3594.0,0.906,,,302.27,3125487.968,0.9998369342791595,sources/GIST1M_SlabWalk_2cn_r3.json,24f96da590841fdba2c763c24edd0ea86fde3c8a9f65cdf13748d3683b9992e4
vldb-multicn-formal-20260719f,3d307e42c0d412aafe221f2973d2a55b78b46ea919fe76421e3080367d3b17ec,GIST1M,SlabWalk,2,4,2e60c6ea3bb3893b66cbce65cfdc5d82faab4a74fcc469fdeb7b5ff8dda34fb6,5779751c3b63bee0a0c52a0017232ca2340af0527eb0f79270ae09c010423eea,3e0d1ab10df27c25f964992fec6c60a883d2ca627b481388b677c2d62aaa8212,1000,1000,0,3606.0,0.906,,,302.27,3125487.968,0.9998784801418226,sources/GIST1M_SlabWalk_2cn_r4.json,17987a1359f1ee050932823c696df02e05b16356452d1bf86a08dcc43b5d9e24
vldb-multicn-formal-20260719f,3d307e42c0d412aafe221f2973d2a55b78b46ea919fe76421e3080367d3b17ec,GIST1M,SlabWalk,3,0,2e60c6ea3bb3893b66cbce65cfdc5d82faab4a74fcc469fdeb7b5ff8dda34fb6,5779751c3b63bee0a0c52a0017232ca2340af0527eb0f79270ae09c010423eea,3e0d1ab10df27c25f964992fec6c60a883d2ca627b481388b677c2d62aaa8212,1000,1000,0,5357.0,0.906,,,302.27,3125487.968,0.9349335124623076,sources/GIST1M_SlabWalk_3cn_r0.json,2e27535e8e06036a11d6044f642cedd929e364891fd5a5697f88365328ea8164
vldb-multicn-formal-20260719f,3d307e42c0d412aafe221f2973d2a55b78b46ea919fe76421e3080367d3b17ec,GIST1M,SlabWalk,3,1,2e60c6ea3bb3893b66cbce65cfdc5d82faab4a74fcc469fdeb7b5ff8dda34fb6,5779751c3b63bee0a0c52a0017232ca2340af0527eb0f79270ae09c010423eea,3e0d1ab10df27c25f964992fec6c60a883d2ca627b481388b677c2d62aaa8212,1000,1000,0,5314.0,0.906,,,302.27,3125487.968,0.9343095689703796,sources/GIST1M_SlabWalk_3cn_r1.json,628ef70f7dff23f499ad9be9f55d35ae6aa96d708fe924c424f6452cea02c502
vldb-multicn-formal-20260719f,3d307e42c0d412aafe221f2973d2a55b78b46ea919fe76421e3080367d3b17ec,GIST1M,SlabWalk,3,2,2e60c6ea3bb3893b66cbce65cfdc5d82faab4a74fcc469fdeb7b5ff8dda34fb6,5779751c3b63bee0a0c52a0017232ca2340af0527eb0f79270ae09c010423eea,3e0d1ab10df27c25f964992fec6c60a883d2ca627b481388b677c2d62aaa8212,1000,1000,0,5316.0,0.906,,,302.27,3125487.968,0.9335929200690916,sources/GIST1M_SlabWalk_3cn_r2.json,bfdd3b4fcb762df2ae3a9c538befd23cf4abcf6633cd600912e4a7861d692cfc
vldb-multicn-formal-20260719f,3d307e42c0d412aafe221f2973d2a55b78b46ea919fe76421e3080367d3b17ec,GIST1M,SlabWalk,3,3,2e60c6ea3bb3893b66cbce65cfdc5d82faab4a74fcc469fdeb7b5ff8dda34fb6,5779751c3b63bee0a0c52a0017232ca2340af0527eb0f79270ae09c010423eea,3e0d1ab10df27c25f964992fec6c60a883d2ca627b481388b677c2d62aaa8212,1000,1000,0,5368.0,0.906,,,302.27,3125487.968,0.9308844111433248,sources/GIST1M_SlabWalk_3cn_r3.json,2bf4d784cb9d6d738021ac8b557d321c0f6509e512954908dec68417b56e9e7a
vldb-multicn-formal-20260719f,3d307e42c0d412aafe221f2973d2a55b78b46ea919fe76421e3080367d3b17ec,GIST1M,SlabWalk,3,4,2e60c6ea3bb3893b66cbce65cfdc5d82faab4a74fcc469fdeb7b5ff8dda34fb6,5779751c3b63bee0a0c52a0017232ca2340af0527eb0f79270ae09c010423eea,3e0d1ab10df27c25f964992fec6c60a883d2ca627b481388b677c2d62aaa8212,1000,1000,0,5381.0,0.906,,,302.27,3125487.968,0.9349099491266786,sources/GIST1M_SlabWalk_3cn_r4.json,1d5791c4200a5b757a4234fbaa031788cf56705904ab8306db1b6e769347ebac
vldb-multicn-formal-20260719f,3d307e42c0d412aafe221f2973d2a55b78b46ea919fe76421e3080367d3b17ec,GIST1M,d-HNSW,1,0,8e9bcba566e474ce7a2ab6d2a503f1d7ace02d0f8b6c4e65848379d852567ad5,5779751c3b63bee0a0c52a0017232ca2340af0527eb0f79270ae09c010423eea,3e0d1ab10df27c25f964992fec6c60a883d2ca627b481388b677c2d62aaa8212,1000,1000,0,43.80652905476641,0.7694999994,,,,,1.0,sources/GIST1M_d-HNSW_1cn_r0.json,efcbc199f06ef86af0335e4ab3dbd57db829312a065f4abb769a2d89df373579
vldb-multicn-formal-20260719f,3d307e42c0d412aafe221f2973d2a55b78b46ea919fe76421e3080367d3b17ec,GIST1M,d-HNSW,1,1,8e9bcba566e474ce7a2ab6d2a503f1d7ace02d0f8b6c4e65848379d852567ad5,5779751c3b63bee0a0c52a0017232ca2340af0527eb0f79270ae09c010423eea,3e0d1ab10df27c25f964992fec6c60a883d2ca627b481388b677c2d62aaa8212,1000,1000,0,50.728896220178015,0.7694999994,,,,,1.0,sources/GIST1M_d-HNSW_1cn_r1.json,97caf600895ec5d2c2a568e66ebdd5201165b40d68381751e44cfdf0637c5e8f
vldb-multicn-formal-20260719f,3d307e42c0d412aafe221f2973d2a55b78b46ea919fe76421e3080367d3b17ec,GIST1M,d-HNSW,1,2,8e9bcba566e474ce7a2ab6d2a503f1d7ace02d0f8b6c4e65848379d852567ad5,5779751c3b63bee0a0c52a0017232ca2340af0527eb0f79270ae09c010423eea,3e0d1ab10df27c25f964992fec6c60a883d2ca627b481388b677c2d62aaa8212,1000,1000,0,48.61687241171173,0.7694999994,,,,,1.0,sources/GIST1M_d-HNSW_1cn_r2.json,1469513fe7eed1b11aec74345158cd1a4daa7dabd80986ec805fa24841332c6a
vldb-multicn-formal-20260719f,3d307e42c0d412aafe221f2973d2a55b78b46ea919fe76421e3080367d3b17ec,GIST1M,d-HNSW,1,3,8e9bcba566e474ce7a2ab6d2a503f1d7ace02d0f8b6c4e65848379d852567ad5,5779751c3b63bee0a0c52a0017232ca2340af0527eb0f79270ae09c010423eea,3e0d1ab10df27c25f964992fec6c60a883d2ca627b481388b677c2d62aaa8212,1000,1000,0,46.799362196614524,0.7694999994,,,,,1.0,sources/GIST1M_d-HNSW_1cn_r3.json,fe7d3149ba341c76b429e8c1d61bfdb3f307e90f06fcdb2c6b50c0b0b17e64d9
vldb-multicn-formal-20260719f,3d307e42c0d412aafe221f2973d2a55b78b46ea919fe76421e3080367d3b17ec,GIST1M,d-HNSW,1,4,8e9bcba566e474ce7a2ab6d2a503f1d7ace02d0f8b6c4e65848379d852567ad5,5779751c3b63bee0a0c52a0017232ca2340af0527eb0f79270ae09c010423eea,3e0d1ab10df27c25f964992fec6c60a883d2ca627b481388b677c2d62aaa8212,1000,1000,0,44.310312306162366,0.7694999994,,,,,1.0,sources/GIST1M_d-HNSW_1cn_r4.json,2fa0437e48d8ff1f23b272389bb893092536527c1e35e62ceeb285bbba25c21c
vldb-multicn-formal-20260719f,3d307e42c0d412aafe221f2973d2a55b78b46ea919fe76421e3080367d3b17ec,GIST1M,d-HNSW,2,0,8e9bcba566e474ce7a2ab6d2a503f1d7ace02d0f8b6c4e65848379d852567ad5,5779751c3b63bee0a0c52a0017232ca2340af0527eb0f79270ae09c010423eea,3e0d1ab10df27c25f964992fec6c60a883d2ca627b481388b677c2d62aaa8212,1000,1000,0,45.33993604536124,0.7694999992999999,,,,,0.9998376429750049,sources/GIST1M_d-HNSW_2cn_r0.json,d86ed7da0bf85ebc00a1bcbb9a2011443f5d657b64c9048baa26f358e3a7e90b
vldb-multicn-formal-20260719f,3d307e42c0d412aafe221f2973d2a55b78b46ea919fe76421e3080367d3b17ec,GIST1M,d-HNSW,2,1,8e9bcba566e474ce7a2ab6d2a503f1d7ace02d0f8b6c4e65848379d852567ad5,5779751c3b63bee0a0c52a0017232ca2340af0527eb0f79270ae09c010423eea,3e0d1ab10df27c25f964992fec6c60a883d2ca627b481388b677c2d62aaa8212,1000,1000,0,48.88212689423221,0.7694999992999999,,,,,0.9999301957178767,sources/GIST1M_d-HNSW_2cn_r1.json,b7f8dabc4a7c0e6ad3a78022d47850d00b7f0904f3bee1143ed0902e0f4401e3
vldb-multicn-formal-20260719f,3d307e42c0d412aafe221f2973d2a55b78b46ea919fe76421e3080367d3b17ec,GIST1M,d-HNSW,2,2,8e9bcba566e474ce7a2ab6d2a503f1d7ace02d0f8b6c4e65848379d852567ad5,5779751c3b63bee0a0c52a0017232ca2340af0527eb0f79270ae09c010423eea,3e0d1ab10df27c25f964992fec6c60a883d2ca627b481388b677c2d62aaa8212,1000,1000,0,43.0522003004198,0.7694999993000001,,,,,0.9975640779315748,sources/GIST1M_d-HNSW_2cn_r2.json,db01b7a7ce8ea5bc383726689b2298de79e315d8b3c1d8c1d2bdb3c2f2bf3481
vldb-multicn-formal-20260719f,3d307e42c0d412aafe221f2973d2a55b78b46ea919fe76421e3080367d3b17ec,GIST1M,d-HNSW,2,3,8e9bcba566e474ce7a2ab6d2a503f1d7ace02d0f8b6c4e65848379d852567ad5,5779751c3b63bee0a0c52a0017232ca2340af0527eb0f79270ae09c010423eea,3e0d1ab10df27c25f964992fec6c60a883d2ca627b481388b677c2d62aaa8212,1000,1000,0,45.9107934521392,0.7694999992999999,,,,,0.9972356771786913,sources/GIST1M_d-HNSW_2cn_r3.json,6b43178ac07703472d1491610a0a90f9806eed3242bb359d93cd839252b8c827
vldb-multicn-formal-20260719f,3d307e42c0d412aafe221f2973d2a55b78b46ea919fe76421e3080367d3b17ec,GIST1M,d-HNSW,2,4,8e9bcba566e474ce7a2ab6d2a503f1d7ace02d0f8b6c4e65848379d852567ad5,5779751c3b63bee0a0c52a0017232ca2340af0527eb0f79270ae09c010423eea,3e0d1ab10df27c25f964992fec6c60a883d2ca627b481388b677c2d62aaa8212,1000,1000,0,48.1720622619013,0.7694999992999999,,,,,0.9994417173847159,sources/GIST1M_d-HNSW_2cn_r4.json,d83e536f28e2aa02122fc777b376302be366cfeb7bc3413915d805bd654e0a73
vldb-multicn-formal-20260719f,3d307e42c0d412aafe221f2973d2a55b78b46ea919fe76421e3080367d3b17ec,GIST1M,d-HNSW,3,0,8e9bcba566e474ce7a2ab6d2a503f1d7ace02d0f8b6c4e65848379d852567ad5,5779751c3b63bee0a0c52a0017232ca2340af0527eb0f79270ae09c010423eea,3e0d1ab10df27c25f964992fec6c60a883d2ca627b481388b677c2d62aaa8212,1000,1000,0,47.01461161831556,0.769499996926,,,,,0.9973993454650635,sources/GIST1M_d-HNSW_3cn_r0.json,6d23a8ad8c4e4d8138fdf678dacdd2461450ff1353eed67b963d28343179a479
vldb-multicn-formal-20260719f,3d307e42c0d412aafe221f2973d2a55b78b46ea919fe76421e3080367d3b17ec,GIST1M,d-HNSW,3,1,8e9bcba566e474ce7a2ab6d2a503f1d7ace02d0f8b6c4e65848379d852567ad5,5779751c3b63bee0a0c52a0017232ca2340af0527eb0f79270ae09c010423eea,3e0d1ab10df27c25f964992fec6c60a883d2ca627b481388b677c2d62aaa8212,1000,1000,0,46.767565641242754,0.769499996926,,,,,0.9196712272622407,sources/GIST1M_d-HNSW_3cn_r1.json,a01dc0dc975d7abf0bff8949d604d443e6c0cca8c2868b49997d92e172aed719
vldb-multicn-formal-20260719f,3d307e42c0d412aafe221f2973d2a55b78b46ea919fe76421e3080367d3b17ec,GIST1M,d-HNSW,3,2,8e9bcba566e474ce7a2ab6d2a503f1d7ace02d0f8b6c4e65848379d852567ad5,5779751c3b63bee0a0c52a0017232ca2340af0527eb0f79270ae09c010423eea,3e0d1ab10df27c25f964992fec6c60a883d2ca627b481388b677c2d62aaa8212,1000,1000,0,43.98356168176406,0.769499996926,,,,,0.9964718414009444,sources/GIST1M_d-HNSW_3cn_r2.json,c0b97c5b9b61c9a9b8f72a10b491a4466eb91474f2318967f45e0f3ba8339362
vldb-multicn-formal-20260719f,3d307e42c0d412aafe221f2973d2a55b78b46ea919fe76421e3080367d3b17ec,GIST1M,d-HNSW,3,3,8e9bcba566e474ce7a2ab6d2a503f1d7ace02d0f8b6c4e65848379d852567ad5,5779751c3b63bee0a0c52a0017232ca2340af0527eb0f79270ae09c010423eea,3e0d1ab10df27c25f964992fec6c60a883d2ca627b481388b677c2d62aaa8212,1000,1000,0,48.74758108784126,0.769499996926,,,,,0.9560945782618334,sources/GIST1M_d-HNSW_3cn_r3.json,6ec2fac01909399304441b27b375d80003727c96567c7819fa8560b88a0e9ca0
vldb-multicn-formal-20260719f,3d307e42c0d412aafe221f2973d2a55b78b46ea919fe76421e3080367d3b17ec,GIST1M,d-HNSW,3,4,8e9bcba566e474ce7a2ab6d2a503f1d7ace02d0f8b6c4e65848379d852567ad5,5779751c3b63bee0a0c52a0017232ca2340af0527eb0f79270ae09c010423eea,3e0d1ab10df27c25f964992fec6c60a883d2ca627b481388b677c2d62aaa8212,1000,1000,0,43.38145989317531,0.769499996926,,,,,0.9774994280215992,sources/GIST1M_d-HNSW_3cn_r4.json,76e69e51e90bcb9e4543668184fd73afc3220d59ef1175ea06790cd68cfe6972
