dataset,method,ef,n,campaign_ids,binary_sha256s,threads,query_contexts,top_k,metric,expected_queries,recall_mean,recall_median,recall_ci95,qps_mean,qps_median,qps_ci95,run_ids,p50_us_n,p50_us_mean,p50_us_median,p50_us_ci95,p95_us_n,p95_us_mean,p95_us_median,p95_us_ci95,p99_us_n,p99_us_mean,p99_us_median,p99_us_ci95,mean_latency_us_n,mean_latency_us_mean,mean_latency_us_median,mean_latency_us_ci95,posts_per_query_n,posts_per_query_mean,posts_per_query_median,posts_per_query_ci95,bytes_per_query_n,bytes_per_query_mean,bytes_per_query_median,bytes_per_query_ci95,network_us_n,network_us_mean,network_us_median,network_us_ci95,compute_us_n,compute_us_mean,compute_us_median,compute_us_ci95,meta_us_n,meta_us_mean,meta_us_median,meta_us_ci95,deserialize_us_n,deserialize_us_mean,deserialize_us_median,deserialize_us_ci95
DEEP10M,SHINE,48.0,5,vldb-frontier-deep10-sw-final-v1-20260713,2e60c6ea3bb3893b66cbce65cfdc5d82faab4a74fcc469fdeb7b5ff8dda34fb6,10,10,10,l2,10000,0.9317,0.9317,0.0,1860.4,1861.0,4.611837568692115,r1;r2;r3;r4;r5,5,10942.7788,10945.372,37.27990750770318,5,14358.1346,14364.069,39.38780288669529,5,15805.784000000001,15802.528,79.94478700814597,0,,,,5,1788.8939,1788.8939,0.0,5,719805.3472,719805.3472,0.0,0,,,,0,,,,0,,,,0,,,
DEEP10M,SHINE,64.0,5,vldb-frontier-deep10-sw-final-v1-20260713,2e60c6ea3bb3893b66cbce65cfdc5d82faab4a74fcc469fdeb7b5ff8dda34fb6,10,10,10,l2,10000,0.95181,0.95181,0.0,1496.2,1497.0,3.866520585746311,r1;r2;r3;r4;r5,5,13646.2624,13641.837,38.74988285881184,5,17929.273,17916.71,41.6253501272713,5,19430.0538,19416.57,59.055112476450425,0,,,,5,2219.6679,2219.6679,0.0,5,893934.4072,893934.4072,0.0,0,,,,0,,,,0,,,,0,,,
DEEP10M,SHINE,96.0,5,vldb-frontier-deep10-sw-final-v1-20260713,2e60c6ea3bb3893b66cbce65cfdc5d82faab4a74fcc469fdeb7b5ff8dda34fb6,10,10,10,l2,10000,0.97159,0.97159,0.0,1090.0,1089.0,3.9258568491477117,r1;r2;r3;r4;r5,5,18803.6626,18831.416,67.46158641159182,5,24898.3662,24912.535,130.7975389626305,5,26780.7004,26771.841,105.65179823630824,0,,,,5,3043.5451,3043.5451,0.0,5,1227148.3352,1227148.3352,0.0,0,,,,0,,,,0,,,,0,,,
DEEP10M,SHINE,128.0,5,vldb-frontier-deep10-sw-final-v1-20260713,2e60c6ea3bb3893b66cbce65cfdc5d82faab4a74fcc469fdeb7b5ff8dda34fb6,10,10,10,l2,10000,0.98171,0.98171,0.0,863.4,863.0,3.6827801672106357,r1;r2;r3;r4;r5,5,23731.3846,23764.061,82.2169346034382,5,31750.0698,31799.077,153.39626056152943,5,34106.4926,34172.045,188.46789649389086,0,,,,5,3829.0777,3829.0777,0.0,5,1545048.5164,1545048.5164,0.0,0,,,,0,,,,0,,,,0,,,
DEEP10M,SHINE,200.0,5,vldb-frontier-deep10-sw-final-v1-20260713,2e60c6ea3bb3893b66cbce65cfdc5d82faab4a74fcc469fdeb7b5ff8dda34fb6,10,10,10,l2,10000,0.99008,0.99008,0.0,599.0,599.0,1.9629284245738559,r1;r2;r3;r4;r5,5,34193.881199999996,34203.058,67.11444790455005,5,46524.8698,46552.398,171.77553386996178,5,50283.2706,50318.648,282.50014262918273,0,,,,5,5493.3328,5493.3328,0.0,5,2219068.6148,2219068.6148,0.0,0,,,,0,,,,0,,,,0,,,
DEEP10M,SlabWalk,48.0,5,vldb-frontier-deep10-sw-final-v1-20260713,2e60c6ea3bb3893b66cbce65cfdc5d82faab4a74fcc469fdeb7b5ff8dda34fb6,10,10,10,l2,10000,0.93184,0.93184,0.0,29151.8,29252.0,529.4352383442567,r1;r2;r3;r4;r5,5,649.8602000000001,646.886,7.168276697543685,5,750.1166,747.398,15.055263066512323,5,849.5252,842.741,29.174778417885644,0,,,,5,51.0427,51.0427,0.0,5,225848.6456,225848.6456,0.0,0,,,,0,,,,0,,,,0,,,
DEEP10M,SlabWalk,64.0,5,vldb-frontier-deep10-sw-final-v1-20260713,2e60c6ea3bb3893b66cbce65cfdc5d82faab4a74fcc469fdeb7b5ff8dda34fb6,10,10,10,l2,10000,0.95181,0.95181,0.0,23025.0,23021.0,57.42362501967287,r1;r2;r3;r4;r5,5,834.6454,834.133,1.4930773741824008,5,937.1414,937.9970000000001,4.103581059312116,5,1018.4712,1020.626,8.379016863145319,0,,,,5,66.7179,66.7179,0.0,5,295810.5192,295810.5192,0.0,0,,,,0,,,,0,,,,0,,,
DEEP10M,SlabWalk,96.0,5,vldb-frontier-deep10-sw-final-v1-20260713,2e60c6ea3bb3893b66cbce65cfdc5d82faab4a74fcc469fdeb7b5ff8dda34fb6,10,10,10,l2,10000,0.97174,0.97174,0.0,15977.6,15975.0,15.245270353785134,r1;r2;r3;r4;r5,5,1219.205,1218.787,1.3945423262005678,5,1333.654,1334.304,6.523954196171813,5,1403.1478,1402.839,5.75388501141621,0,,,,5,98.3039,98.3039,0.0,5,436285.5224,436285.5224,0.0,0,,,,0,,,,0,,,,0,,,
DEEP10M,SlabWalk,128.0,5,vldb-frontier-deep10-sw-final-v1-20260713,2e60c6ea3bb3893b66cbce65cfdc5d82faab4a74fcc469fdeb7b5ff8dda34fb6,10,10,10,l2,10000,0.98161,0.98161,0.0,12303.0,12301.0,42.29188396844009,r1;r2;r3;r4;r5,5,1594.4482,1592.813,3.8693528111600872,5,1732.3576,1729.037,6.841260290549964,5,1803.9394,1801.785,6.830592149377633,0,,,,5,130.0994,130.0994,0.0,5,577079.8448,577079.8448,0.0,0,,,,0,,,,0,,,,0,,,
DEEP10M,SlabWalk,200.0,5,vldb-frontier-deep10-sw-final-v1-20260713,2e60c6ea3bb3893b66cbce65cfdc5d82faab4a74fcc469fdeb7b5ff8dda34fb6,10,10,10,l2,10000,0.99017,0.99017,0.0,8063.6,8080.0,52.499437217555005,r1;r2;r3;r4;r5,5,2444.9248000000002,2447.1710000000003,8.04157846629222,5,2645.4236,2633.2580000000003,23.62932430479951,5,2755.6554,2721.889,70.2971797637385,0,,,,5,201.7905,201.7905,0.0,5,893636.1384,893636.1384,0.0,0,,,,0,,,,0,,,,0,,,
DEEP10M,d-HNSW,48.0,5,dhnsw-17d63b6f-5a31-4f66-8bc5-c51f212b689d,1fede56b39bf640663761bce92646a464098f95baf64a58d7847d520f7833bd8,10,,10,l2,10000,0.898474,0.89839,0.0002593146578502554,439.99760000000003,445.408,15.54564145653042,r0;r1;r2;r3;r4,0,,,,0,,,,0,,,,5,20590.782,20301.3,946.3646523957118,0,,,,0,,,,5,1532.8042,1500.465,123.64024340827238,5,619.0832,632.471,41.98721289709461,5,41.7568,40.742,3.0380213993090694,5,6632.7416,6631.27,579.0483710576837
DEEP10M,d-HNSW,64.0,5,dhnsw-17d63b6f-5a31-4f66-8bc5-c51f212b689d,1fede56b39bf640663761bce92646a464098f95baf64a58d7847d520f7833bd8,10,,10,l2,10000,0.909196,0.90911,0.00020429549485001067,442.3858,452.606,23.94203131572278,r0;r1;r2;r3;r4,0,,,,0,,,,0,,,,5,20596.112,20340.14,1538.7415984560068,0,,,,0,,,,5,1496.0448000000001,1494.297,120.60821908650858,5,751.5154,738.282,85.85376165626973,5,40.492,39.422,2.834659494027176,5,6517.1584,6295.14,1054.8837205546874
DEEP10M,d-HNSW,96.0,5,dhnsw-17d63b6f-5a31-4f66-8bc5-c51f212b689d,1fede56b39bf640663761bce92646a464098f95baf64a58d7847d520f7833bd8,10,,10,l2,10000,0.917422,0.91743,0.00010801458449669295,434.5406,443.417,27.70977527860243,r0;r1;r2;r3;r4,0,,,,0,,,,0,,,,5,20711.984,20780.32,1191.0425743420087,0,,,,0,,,,5,1522.6000000000001,1444.143,166.3006259529807,5,1010.3668,973.077,124.80102639983764,5,41.575599999999994,41.934,2.6979604816882254,5,6656.3732,6066.949,1168.9472989270134
DEEP10M,d-HNSW,128.0,5,dhnsw-17d63b6f-5a31-4f66-8bc5-c51f212b689d,1fede56b39bf640663761bce92646a464098f95baf64a58d7847d520f7833bd8,10,,10,l2,10000,0.920462,0.92046,6.592634726721737e-05,432.916,440.125,25.75797619858009,r0;r1;r2;r3;r4,0,,,,0,,,,0,,,,5,20835.548,20126.13,1331.28038175941,0,,,,0,,,,5,1520.4798,1498.733,173.82072986835922,5,1240.7522,1269.005,94.59268358651798,5,41.3122,41.805,2.6137836893302104,5,6598.4896,6451.163,917.9266092351768
DEEP10M,d-HNSW,200.0,5,dhnsw-17d63b6f-5a31-4f66-8bc5-c51f212b689d,1fede56b39bf640663761bce92646a464098f95baf64a58d7847d520f7833bd8,10,,10,l2,10000,0.923096,0.92309,5.524170250817295e-05,415.64820000000003,412.67,24.987921014396,r0;r1;r2;r3;r4,0,,,,0,,,,0,,,,5,21688.667999999998,21768.55,1339.6550042718438,0,,,,0,,,,5,1567.5512,1617.96,131.25755074392336,5,1797.6754,1821.999,204.57670047323361,5,41.362,41.973,2.7867137013570633,5,7002.0696,7274.724,976.7549682501518
SIFT10M,SHINE,64.0,5,vldb-frontier-text-sift-sw-final-v2-20260714,2e60c6ea3bb3893b66cbce65cfdc5d82faab4a74fcc469fdeb7b5ff8dda34fb6,10,10,10,l2,10000,0.90657,0.90657,0.0,2231.6,2231.0,2.8580669271379904,r1;r2;r3;r4;r5,5,9105.469799999999,9109.989,13.945495856267183,5,11299.1244,11304.225,18.66577025930373,5,12577.7706,12575.502,74.82428558842513,0,,,,5,1465.7615,1465.7615,0.0,5,751071.2348,751071.2348,0.0,0,,,,0,,,,0,,,,0,,,
SIFT10M,SHINE,96.0,5,vldb-frontier-text-sift-sw-final-v2-20260714,2e60c6ea3bb3893b66cbce65cfdc5d82faab4a74fcc469fdeb7b5ff8dda34fb6,10,10,10,l2,10000,0.94151,0.94151,0.0,1624.8,1624.0,5.6483244099467225,r1;r2;r3;r4;r5,5,12595.1384,12618.024,55.41569825100806,5,15461.8244,15458.732,70.82696980867162,5,16574.5778,16582.252,84.36796414975625,0,,,,5,2009.8959,2009.8959,0.0,5,1029952.5392,1029952.5392,0.0,0,,,,0,,,,0,,,,0,,,
SIFT10M,SHINE,128.0,5,vldb-frontier-text-sift-sw-final-v2-20260714,2e60c6ea3bb3893b66cbce65cfdc5d82faab4a74fcc469fdeb7b5ff8dda34fb6,10,10,10,l2,10000,0.95959,0.95959,0.0,1277.0,1277.0,2.3225682336585933,r1;r2;r3;r4;r5,5,16092.467200000001,16098.58,32.23292739773634,5,19718.7192,19728.029,59.06042580235932,5,20943.5468,20962.412,66.49290882035874,0,,,,5,2537.9867,2537.9867,0.0,5,1300294.322,1300294.322,0.0,0,,,,0,,,,0,,,,0,,,
SIFT10M,SHINE,160.0,5,vldb-frontier-text-sift-sw-final-v2-20260714,2e60c6ea3bb3893b66cbce65cfdc5d82faab4a74fcc469fdeb7b5ff8dda34fb6,10,10,10,l2,10000,0.97032,0.97032,0.0,1057.2,1058.0,3.866520585746311,r1;r2;r3;r4;r5,5,19477.4222,19461.66,72.91998347893536,5,23963.1598,23939.046000000002,102.27558487634201,5,25315.762600000002,25262.959,117.21074990522976,0,,,,5,3052.1095,3052.1095,0.0,5,1563222.7572,1563222.7572,0.0,0,,,,0,,,,0,,,,0,,,
SIFT10M,SHINE,200.0,5,vldb-frontier-text-sift-sw-final-v2-20260714,2e60c6ea3bb3893b66cbce65cfdc5d82faab4a74fcc469fdeb7b5ff8dda34fb6,10,10,10,l2,10000,0.97866,0.97866,0.0,876.6,876.0,1.882774803315574,r1;r2;r3;r4;r5,5,23530.1644,23536.134000000002,45.409628221486315,5,29047.3482,29036.663,51.457049079195805,5,30582.2664,30587.396,94.46844388813658,0,,,,5,3677.0338,3677.0338,0.0,5,1882515.0476,1882515.0476,0.0,0,,,,0,,,,0,,,,0,,,
SIFT10M,SHINE,300.0,5,vldb-frontier-text-sift-sw-final-v2-20260714,2e60c6ea3bb3893b66cbce65cfdc5d82faab4a74fcc469fdeb7b5ff8dda34fb6,10,10,10,l2,10000,0.98817,0.98817,0.0,618.8,619.0,1.038684090568446,r1;r2;r3;r4;r5,5,33333.8478,33334.599,64.29642646855602,5,41721.280600000006,41694.042,83.31362940334266,5,43961.994,43920.4,132.0227023104979,0,,,,5,5175.1149,5175.1149,0.0,5,2646781.8396,2646781.8396,0.0,0,,,,0,,,,0,,,,0,,,
SIFT10M,SlabWalk,64.0,5,vldb-frontier-text-sift-sw-final-v2-20260714,2e60c6ea3bb3893b66cbce65cfdc5d82faab4a74fcc469fdeb7b5ff8dda34fb6,10,10,10,l2,10000,0.90661,0.90661,0.0,24733.0,25648.0,2516.4056440540735,r1;r2;r3;r4;r5,5,745.9138,746.126,3.2726579886506637,5,859.2936,860.523,3.5150219753085317,5,966.9066,965.197,5.8644527010083305,0,,,,5,67.6217,67.6217,0.0,5,239400.7976,239400.7976,0.0,0,,,,0,,,,0,,,,0,,,
SIFT10M,SlabWalk,96.0,5,vldb-frontier-text-sift-sw-final-v2-20260714,2e60c6ea3bb3893b66cbce65cfdc5d82faab4a74fcc469fdeb7b5ff8dda34fb6,10,10,10,l2,10000,0.94134,0.94134,0.0,16720.8,17869.0,2394.874104527217,r1;r2;r3;r4;r5,5,1083.3838,1082.755,4.5486706546812385,5,1209.5162,1210.242,7.6750959951597135,5,1304.3196,1296.953,19.957049863744956,0,,,,5,99.0334,99.0334,0.0,5,351374.7744,351374.7744,0.0,0,,,,0,,,,0,,,,0,,,
SIFT10M,SlabWalk,128.0,5,vldb-frontier-text-sift-sw-final-v2-20260714,2e60c6ea3bb3893b66cbce65cfdc5d82faab4a74fcc469fdeb7b5ff8dda34fb6,10,10,10,l2,10000,0.95937,0.95937,0.0,13690.0,13762.0,206.66756029914316,r1;r2;r3;r4;r5,5,1418.8002,1418.366,3.657374405855327,5,1558.451,1558.451,7.564553648298374,5,1656.5412000000001,1654.7150000000001,23.117484583120234,0,,,,5,130.7053,130.7053,0.0,5,464116.2504,464116.2504,0.0,0,,,,0,,,,0,,,,0,,,
SIFT10M,SlabWalk,160.0,5,vldb-frontier-text-sift-sw-final-v2-20260714,2e60c6ea3bb3893b66cbce65cfdc5d82faab4a74fcc469fdeb7b5ff8dda34fb6,10,10,10,l2,10000,0.9701,0.9701,0.0,11191.8,11187.0,36.17757498561782,r1;r2;r3;r4;r5,5,1753.4108,1754.5330000000001,3.8001448081618014,5,1909.8598000000002,1908.968,4.73216557379004,5,1999.0624,1997.628,10.224174822445734,0,,,,5,162.5001,162.5001,0.0,5,576974.1832,576974.1832,0.0,0,,,,0,,,,0,,,,0,,,
SIFT10M,SlabWalk,200.0,5,vldb-frontier-text-sift-sw-final-v2-20260714,2e60c6ea3bb3893b66cbce65cfdc5d82faab4a74fcc469fdeb7b5ff8dda34fb6,10,10,10,l2,10000,0.97864,0.97864,0.0,9015.8,9106.0,242.46957658362,r1;r2;r3;r4;r5,5,2163.2382000000002,2163.2780000000002,2.0787631477519968,5,2350.264,2351.77,11.035081826260312,5,2438.6202,2431.623,27.32126804153137,0,,,,5,202.3396,202.3396,0.0,5,718002.4032,718002.4032,0.0,0,,,,0,,,,0,,,,0,,,
SIFT10M,SlabWalk,300.0,5,vldb-frontier-text-sift-sw-final-v2-20260714,2e60c6ea3bb3893b66cbce65cfdc5d82faab4a74fcc469fdeb7b5ff8dda34fb6,10,10,10,l2,10000,0.98817,0.98817,0.0,6181.0,6181.0,23.473209921099414,r1;r2;r3;r4;r5,5,3190.5922,3193.116,10.839229490793887,5,3445.3182,3446.134,25.89968710822247,5,3534.4182,3541.377,27.707532171824823,0,,,,5,302.0309,302.0309,0.0,5,1070020.3016,1070020.3016,0.0,0,,,,0,,,,0,,,,0,,,
SIFT10M,d-HNSW,48.0,5,vldb-dhnsw-text-sift-node7-final-v3-20260713,60ddb08234a93c431f94fea3cb37d9b109a3feb207d7b72eb8887bc28afff595,10,,10,l2,10000,0.887572,0.88757,0.00017783741536587039,477.4826,476.509,11.705719361865837,r0;r1;r2;r3;r4,0,,,,0,,,,0,,,,5,18352.440000000002,18288.7,605.4968704600551,0,,,,0,,,,5,1616.27,1596.61,89.53026805206113,5,644.5098,641.224,58.08406619250064,5,42.016799999999996,41.469,1.8606953367824202,5,6454.172,6383.29,428.68207902035647
SIFT10M,d-HNSW,64.0,5,vldb-dhnsw-text-sift-node7-final-v3-20260713,60ddb08234a93c431f94fea3cb37d9b109a3feb207d7b72eb8887bc28afff595,10,,10,l2,10000,0.895018,0.89502,8.663610923858454e-05,481.6938,469.352,38.52118055317051,r0;r1;r2;r3;r4,0,,,,0,,,,0,,,,5,18410.84,18907.4,1424.7641461381131,0,,,,0,,,,5,1585.988,1585.49,37.30987932419919,5,763.081,805.819,119.65977440826785,5,37.9966,38.149,2.0789661384561704,5,6373.148,6712.57,1021.4048381460893
SIFT10M,d-HNSW,96.0,5,vldb-dhnsw-text-sift-node7-final-v3-20260713,60ddb08234a93c431f94fea3cb37d9b109a3feb207d7b72eb8887bc28afff595,10,,10,l2,10000,0.9009119999999999,0.90094,9.908414718815031e-05,480.8488,470.188,31.520059543434805,r0;r1;r2;r3;r4,0,,,,0,,,,0,,,,5,18313.46,18840.1,1452.128679547107,0,,,,0,,,,5,1603.504,1580.78,48.54981201064581,5,1000.472,1013.09,135.91753935896418,5,37.8574,37.693,0.8425809842483748,5,6313.186,6502.42,690.247223859812
SIFT10M,d-HNSW,128.0,5,vldb-dhnsw-text-sift-node7-final-v3-20260713,60ddb08234a93c431f94fea3cb37d9b109a3feb207d7b72eb8887bc28afff595,10,,10,l2,10000,0.903012,0.90299,0.00010100978677335006,467.525,466.783,9.99925773714222,r0;r1;r2;r3;r4,0,,,,0,,,,0,,,,5,18866.72,18964.2,621.6560379907378,0,,,,0,,,,5,1574.066,1552.56,74.26265243025746,5,1252.574,1237.27,99.69429734451177,5,39.9924,38.517,3.7552478491927217,5,6518.156,6430.18,299.6980161175166
SIFT10M,d-HNSW,200.0,5,vldb-dhnsw-text-sift-node7-final-v3-20260713,60ddb08234a93c431f94fea3cb37d9b109a3feb207d7b72eb8887bc28afff595,10,,10,l2,10000,0.904626,0.90463,1.4154878169735637e-05,468.3932,465.262,9.633697046449111,r0;r1;r2;r3;r4,0,,,,0,,,,0,,,,5,18864.22,18877.3,662.5134241005096,0,,,,0,,,,5,1638.576,1651.33,63.333195928522144,5,1635.706,1644.69,81.21467640059909,5,41.8828,41.707,2.0043747324363888,5,6251.51,6378.49,268.8187408782273
TTI10M,SHINE,100.0,5,vldb-frontier-text-sift-sw-final-v2-20260714,2e60c6ea3bb3893b66cbce65cfdc5d82faab4a74fcc469fdeb7b5ff8dda34fb6,10,10,10,ip,10000,0.79974,0.79974,0.0,1685.2,1684.0,2.6914318568375455,r1;r2;r3;r4;r5,5,11673.6748,11673.565,27.521284152173838,5,16583.7038,16581.703,43.11700677218798,5,20694.3488,20690.882,81.10038493711637,0,,,,5,1843.7564,1843.7564,0.0,5,1435282.65,1435282.65,0.0,0,,,,0,,,,0,,,,0,,,
TTI10M,SHINE,150.0,5,vldb-frontier-text-sift-sw-final-v2-20260714,2e60c6ea3bb3893b66cbce65cfdc5d82faab4a74fcc469fdeb7b5ff8dda34fb6,10,10,10,ip,10000,0.84374,0.84374,0.0,1236.4,1237.0,3.7859592390832737,r1;r2;r3;r4;r5,5,16040.9856,16042.525,39.921994457843624,5,22307.1486,22305.295000000002,73.60366185015587,5,27825.0292,27823.995,52.175373008149094,0,,,,5,2504.6338,2504.6338,0.0,5,1946377.526,1946377.526,0.0,0,,,,0,,,,0,,,,0,,,
TTI10M,SHINE,200.0,5,vldb-frontier-text-sift-sw-final-v2-20260714,2e60c6ea3bb3893b66cbce65cfdc5d82faab4a74fcc469fdeb7b5ff8dda34fb6,10,10,10,ip,10000,0.87107,0.87107,0.0,991.2,991.0,4.336250620063374,r1;r2;r3;r4;r5,5,20029.9286,20037.818,84.83420666605996,5,27900.5282,27901.911,136.60913823272003,5,34095.654800000004,34113.58,169.7767338009031,0,,,,5,3136.8976,3136.8976,0.0,5,2434050.9796,2434050.9796,0.0,0,,,,0,,,,0,,,,0,,,
TTI10M,SHINE,300.0,5,vldb-frontier-text-sift-sw-final-v2-20260714,2e60c6ea3bb3893b66cbce65cfdc5d82faab4a74fcc469fdeb7b5ff8dda34fb6,10,10,10,ip,10000,0.9049,0.9049,0.0,712.8,713.0,1.038684090568446,r1;r2;r3;r4;r5,5,27954.3446,27970.746,70.20337682590338,5,38965.239,38955.732,101.80267723877456,5,46724.8822,46649.37,290.31180444537574,0,,,,5,4343.1042,4343.1042,0.0,5,3361776.2588,3361776.2588,0.0,0,,,,0,,,,0,,,,0,,,
TTI10M,SHINE,500.0,5,vldb-frontier-text-sift-sw-final-v2-20260714,2e60c6ea3bb3893b66cbce65cfdc5d82faab4a74fcc469fdeb7b5ff8dda34fb6,10,10,10,ip,10000,0.93526,0.93526,0.0,468.0,468.0,0.877848278462742,r1;r2;r3;r4;r5,5,42652.8844,42636.339,138.6237028397141,5,59996.807400000005,59956.897000000004,132.01903885874148,5,68901.9944,68954.817,233.76909523499182,0,,,,5,6588.4751,6588.4751,0.0,5,5081895.302,5081895.302,0.0,0,,,,0,,,,0,,,,0,,,
TTI10M,SHINE,800.0,5,vldb-frontier-text-sift-sw-final-v2-20260714,2e60c6ea3bb3893b66cbce65cfdc5d82faab4a74fcc469fdeb7b5ff8dda34fb6,10,10,10,ip,10000,0.9548,0.9548,0.0,314.2,314.0,0.5551999999999999,r1;r2;r3;r4;r5,5,63375.1276,63377.134,95.42178697564634,5,90083.61820000001,90000.221,194.42236485085837,5,99932.0938,99969.209,276.9033515683981,0,,,,5,9726.7568,9726.7568,0.0,5,7475442.7216,7475442.7216,0.0,0,,,,0,,,,0,,,,0,,,
TTI10M,SlabWalk,100.0,5,vldb-frontier-text-sift-sw-final-v2-20260714,2e60c6ea3bb3893b66cbce65cfdc5d82faab4a74fcc469fdeb7b5ff8dda34fb6,10,10,10,ip,10000,0.72041,0.72041,0.0,14195.4,14199.0,51.52154292099567,r1;r2;r3;r4;r5,5,1322.2928,1320.981,6.2151969576934345,5,1833.497,1835.3590000000002,6.617275290240684,5,2399.3842,2399.236,17.648297539004112,0,,,,5,111.6711,111.6711,0.0,5,508036.3456,508036.3456,0.0,0,,,,0,,,,0,,,,0,,,
TTI10M,SlabWalk,150.0,5,vldb-frontier-text-sift-sw-final-v2-20260714,2e60c6ea3bb3893b66cbce65cfdc5d82faab4a74fcc469fdeb7b5ff8dda34fb6,10,10,10,ip,10000,0.76473,0.76473,0.0,9751.4,9915.0,460.8850603672893,r1;r2;r3;r4;r5,5,1918.6936,1918.6770000000001,3.8399480548331772,5,2545.7526,2547.964,6.881680741582265,5,3341.0254,3336.658,22.80861004042167,0,,,,5,162.7328,162.7328,0.0,5,741189.1688,741189.1688,0.0,0,,,,0,,,,0,,,,0,,,
TTI10M,SlabWalk,200.0,5,vldb-frontier-text-sift-sw-final-v2-20260714,2e60c6ea3bb3893b66cbce65cfdc5d82faab4a74fcc469fdeb7b5ff8dda34fb6,10,10,10,ip,10000,0.79052,0.79052,0.0,7663.0,7657.0,20.97671684511187,r1;r2;r3;r4;r5,5,2509.0746,2510.977,9.780701509869372,5,3205.3814,3204.155,8.557095741913034,5,4253.4582,4259.97,25.05756362941556,0,,,,5,213.3826,213.3826,0.0,5,972361.6272,972361.6272,0.0,0,,,,0,,,,0,,,,0,,,
TTI10M,SlabWalk,300.0,5,vldb-frontier-text-sift-sw-final-v2-20260714,2e60c6ea3bb3893b66cbce65cfdc5d82faab4a74fcc469fdeb7b5ff8dda34fb6,10,10,10,ip,10000,0.82384,0.82384,0.0,5250.2,5249.0,5.6483244099467225,r1;r2;r3;r4;r5,5,3686.487,3686.719,5.125485474786702,5,4550.2714,4552.231,18.752182698679242,5,6200.0786,6214.468,31.559612652629195,0,,,,5,315.1871,315.1871,0.0,5,1435762.2224,1435762.2224,0.0,0,,,,0,,,,0,,,,0,,,
TTI10M,SlabWalk,500.0,5,vldb-frontier-text-sift-sw-final-v2-20260714,2e60c6ea3bb3893b66cbce65cfdc5d82faab4a74fcc469fdeb7b5ff8dda34fb6,10,10,10,ip,10000,0.85669,0.85669,0.0,3236.6,3235.0,7.5820889575367,r1;r2;r3;r4;r5,5,6025.4416,6033.305,18.433489683078946,5,7113.1796,7108.942,56.1941124985581,5,9478.7822,9465.837,47.64746189229014,0,,,,5,518.1106,518.1106,0.0,5,2357887.9008,2357887.9008,0.0,0,,,,0,,,,0,,,,0,,,
TTI10M,SlabWalk,800.0,5,vldb-frontier-text-sift-sw-final-v2-20260714,2e60c6ea3bb3893b66cbce65cfdc5d82faab4a74fcc469fdeb7b5ff8dda34fb6,10,10,10,ip,10000,0.88136,0.88136,0.0,2064.4,2065.0,4.856016738027166,r1;r2;r3;r4;r5,5,9513.6864,9522.157000000001,26.82194470088309,5,10736.5218,10744.807,23.1075319082444,5,14216.6968,14226.987000000001,147.37449499550607,0,,,,5,821.0509,821.0509,0.0,5,3729170.0224,3729170.0224,0.0,0,,,,0,,,,0,,,,0,,,
TTI10M,d-HNSW,48.0,5,vldb-dhnsw-text-sift-node7-final-v3-20260713,60ddb08234a93c431f94fea3cb37d9b109a3feb207d7b72eb8887bc28afff595,10,,10,ip,10000,0.5733940000000001,0.5735,0.00044818431879752176,410.072,405.497,18.576180960538377,r0;r1;r2;r3;r4,0,,,,0,,,,0,,,,5,21807.64,21916.2,585.8319983171369,0,,,,0,,,,5,1931.8319999999999,1910.09,98.1495431774403,5,600.6116000000001,599.889,96.66882487925926,5,39.9426,40.016,1.8604265717309434,5,7934.314,8043.8,444.8542035963838
TTI10M,d-HNSW,64.0,5,vldb-dhnsw-text-sift-node7-final-v3-20260713,60ddb08234a93c431f94fea3cb37d9b109a3feb207d7b72eb8887bc28afff595,10,,10,ip,10000,0.58436,0.58447,0.0002818699603717842,430.2186,423.489,25.80598774711157,r0;r1;r2;r3;r4,0,,,,0,,,,0,,,,5,20789.86,20766.4,924.5295799711479,0,,,,0,,,,5,1973.336,1992.38,81.11514067406321,5,638.0256,633.583,30.407817633510444,5,42.2486,41.599,1.3039272997878992,5,7123.334,7166.56,342.04427316292765
TTI10M,d-HNSW,96.0,5,vldb-dhnsw-text-sift-node7-final-v3-20260713,60ddb08234a93c431f94fea3cb37d9b109a3feb207d7b72eb8887bc28afff595,10,,10,ip,10000,0.5929220000000001,0.59297,0.00026414336543626485,412.1208,411.255,8.86172994869516,r0;r1;r2;r3;r4,0,,,,0,,,,0,,,,5,21657.16,21466.2,1048.2201679438879,0,,,,0,,,,5,1995.078,1976.64,101.49608884262082,5,893.8126,880.395,60.30298863218914,5,41.6316,41.304,1.437603161593409,5,7509.206,7518.21,579.4618260468387
TTI10M,d-HNSW,128.0,5,vldb-dhnsw-text-sift-node7-final-v3-20260713,60ddb08234a93c431f94fea3cb37d9b109a3feb207d7b72eb8887bc28afff595,10,,10,ip,10000,0.597302,0.59745,0.00042955404566130656,400.231,410.31,25.84720350536334,r0;r1;r2;r3;r4,0,,,,0,,,,0,,,,5,22199.46,21576.8,1512.9306190541083,0,,,,0,,,,5,1945.122,1921.92,71.66729388372843,5,1139.792,1079.52,192.9472962320803,5,40.3488,40.376,2.4199628382318266,5,7807.046,7371.18,1032.3238177909677
TTI10M,d-HNSW,200.0,5,vldb-dhnsw-text-sift-node7-final-v3-20260713,60ddb08234a93c431f94fea3cb37d9b109a3feb207d7b72eb8887bc28afff595,10,,10,ip,10000,0.601342,0.60145,0.000385294399730922,405.62,407.692,13.441968801667816,r0;r1;r2;r3;r4,0,,,,0,,,,0,,,,5,21857.84,21933.0,333.1681439276844,0,,,,0,,,,5,1966.704,1918.06,93.92162262034923,5,1494.436,1468.93,103.69139316918262,5,49.0348,39.501,25.05877313541128,5,7498.754,7344.53,614.2706524416326
