campaign_id,protocol_fingerprint,binary_sha256,dataset,method,workers,repeat,threads,query_contexts,coroutines,top_k,ef,metric,measurement_mode,status,processed_queries,expected_queries,failed_queries,recall,qps,query_canonical_sha256,groundtruth_canonical_sha256,query_file_sha256,groundtruth_file_sha256,query_pool_manifest,query_pool_manifest_sha256,source,source_sha256
vldb-worker-scaling-final-node3-v1-20260713,1ea54320a7bc7ed459ab289f77dea23d0370743285152baeb21bb363ddfaf18b,2e60c6ea3bb3893b66cbce65cfdc5d82faab4a74fcc469fdeb7b5ff8dda34fb6,DEEP1M,SHINE,1,0,1,1,2,10,200,l2,fixed_query_pool,ok,10000,10000,0,0.98901,125.0,68973a8fa5af6691d904c0f5a292136be6e3f21fed6b28154a1bfbdb1c93db57,edce835964026fe3161d1c3c0a9fdf5144fae22ee30d9b55585bebfca0117ce5,8438fc763f14e0f9741fda15b3e11215aef089ce17d1ad47d53b52a7c9fda5bb,40706891f31cac7124935bfff8ba970a72f31946a00f4e65f310c2429b9e9e88,query_pools/deep1m_shine.json,97cc938356d3a3deac41e1d837d406d0088b0e646b037066be4403da5b869b02,raw_sources/shine_w1_r0.json,c6ef763cfa36bf4168a0588498952f626dd49c4870514bd8fd890970c7966f26
vldb-worker-scaling-final-node3-v1-20260713,9141f811c3609df83d93b2fe95bdc2045ecd457ffd0e0090e3c2d9e2ee2257dc,2e60c6ea3bb3893b66cbce65cfdc5d82faab4a74fcc469fdeb7b5ff8dda34fb6,DEEP1M,SlabWalk,1,0,1,1,2,10,200,l2,fixed_query_pool,ok,10000,10000,0,0.98907,1243.0,68973a8fa5af6691d904c0f5a292136be6e3f21fed6b28154a1bfbdb1c93db57,edce835964026fe3161d1c3c0a9fdf5144fae22ee30d9b55585bebfca0117ce5,8438fc763f14e0f9741fda15b3e11215aef089ce17d1ad47d53b52a7c9fda5bb,40706891f31cac7124935bfff8ba970a72f31946a00f4e65f310c2429b9e9e88,query_pools/deep1m_slabwalk.json,82bd83cd8d0f0368e88be45da923f942d0e31da34e9524665c82a788a14cda12,raw_sources/slabwalk_w1_r0.json,834bce3b56ad6f0d8d4087eff6e458923640d74f969e4c93eda4b5c0c2647839
vldb-worker-scaling-final-node3-v1-20260713,fd19573a23634c14ddd9fa5f9dcd23c3390e90a8adefbf149b4ba347c8c9cd0b,1fede56b39bf640663761bce92646a464098f95baf64a58d7847d520f7833bd8,DEEP1M,d-HNSW,1,0,1,,,10,200,l2,fixed_query_pool,ok,10000,10000,0,0.90893,5675.41,68973a8fa5af6691d904c0f5a292136be6e3f21fed6b28154a1bfbdb1c93db57,edce835964026fe3161d1c3c0a9fdf5144fae22ee30d9b55585bebfca0117ce5,0359efc4a332e6f79ebeade7665aa314e10b122fea1d54b3878f97c9bb5ba574,d99e96c21cfdc2383f2735f80d0d7e3c7ef62989510bf840023a6454e108a5b2,query_pools/deep1m_dhnsw.json,048df03d3f6547048d22468d81dc0c5155a6f42f4c3f661cd38c96f01e81e798,raw_sources/dhnsw_w1_r0.json,e622596c17baaf74d1b6ab4c9f83fdb564fb35f75420d9ec87c73792c8620aee
vldb-worker-scaling-final-node3-v1-20260713,1ea54320a7bc7ed459ab289f77dea23d0370743285152baeb21bb363ddfaf18b,2e60c6ea3bb3893b66cbce65cfdc5d82faab4a74fcc469fdeb7b5ff8dda34fb6,DEEP1M,SHINE,1,1,1,1,2,10,200,l2,fixed_query_pool,ok,10000,10000,0,0.98901,125.0,68973a8fa5af6691d904c0f5a292136be6e3f21fed6b28154a1bfbdb1c93db57,edce835964026fe3161d1c3c0a9fdf5144fae22ee30d9b55585bebfca0117ce5,8438fc763f14e0f9741fda15b3e11215aef089ce17d1ad47d53b52a7c9fda5bb,40706891f31cac7124935bfff8ba970a72f31946a00f4e65f310c2429b9e9e88,query_pools/deep1m_shine.json,97cc938356d3a3deac41e1d837d406d0088b0e646b037066be4403da5b869b02,raw_sources/shine_w1_r1.json,d9c604d0ec1b12af73b00dec7d795f9edbd97ee6b8b9856d18c7e3bd0ff479e1
vldb-worker-scaling-final-node3-v1-20260713,9141f811c3609df83d93b2fe95bdc2045ecd457ffd0e0090e3c2d9e2ee2257dc,2e60c6ea3bb3893b66cbce65cfdc5d82faab4a74fcc469fdeb7b5ff8dda34fb6,DEEP1M,SlabWalk,1,1,1,1,2,10,200,l2,fixed_query_pool,ok,10000,10000,0,0.98907,1246.0,68973a8fa5af6691d904c0f5a292136be6e3f21fed6b28154a1bfbdb1c93db57,edce835964026fe3161d1c3c0a9fdf5144fae22ee30d9b55585bebfca0117ce5,8438fc763f14e0f9741fda15b3e11215aef089ce17d1ad47d53b52a7c9fda5bb,40706891f31cac7124935bfff8ba970a72f31946a00f4e65f310c2429b9e9e88,query_pools/deep1m_slabwalk.json,82bd83cd8d0f0368e88be45da923f942d0e31da34e9524665c82a788a14cda12,raw_sources/slabwalk_w1_r1.json,18b57f8e885267820459b9305fe8456164b03bb53e140eeea890b7357c3ccd4a
vldb-worker-scaling-final-node3-v1-20260713,fd19573a23634c14ddd9fa5f9dcd23c3390e90a8adefbf149b4ba347c8c9cd0b,1fede56b39bf640663761bce92646a464098f95baf64a58d7847d520f7833bd8,DEEP1M,d-HNSW,1,1,1,,,10,200,l2,fixed_query_pool,ok,10000,10000,0,0.90891,5652.406,68973a8fa5af6691d904c0f5a292136be6e3f21fed6b28154a1bfbdb1c93db57,edce835964026fe3161d1c3c0a9fdf5144fae22ee30d9b55585bebfca0117ce5,0359efc4a332e6f79ebeade7665aa314e10b122fea1d54b3878f97c9bb5ba574,d99e96c21cfdc2383f2735f80d0d7e3c7ef62989510bf840023a6454e108a5b2,query_pools/deep1m_dhnsw.json,048df03d3f6547048d22468d81dc0c5155a6f42f4c3f661cd38c96f01e81e798,raw_sources/dhnsw_w1_r1.json,eaf98ba29500d0a9af9bba70f7913d3ce50c52651bc83559551e39a6b415c6d5
vldb-worker-scaling-final-node3-v1-20260713,1ea54320a7bc7ed459ab289f77dea23d0370743285152baeb21bb363ddfaf18b,2e60c6ea3bb3893b66cbce65cfdc5d82faab4a74fcc469fdeb7b5ff8dda34fb6,DEEP1M,SHINE,1,2,1,1,2,10,200,l2,fixed_query_pool,ok,10000,10000,0,0.98901,125.0,68973a8fa5af6691d904c0f5a292136be6e3f21fed6b28154a1bfbdb1c93db57,edce835964026fe3161d1c3c0a9fdf5144fae22ee30d9b55585bebfca0117ce5,8438fc763f14e0f9741fda15b3e11215aef089ce17d1ad47d53b52a7c9fda5bb,40706891f31cac7124935bfff8ba970a72f31946a00f4e65f310c2429b9e9e88,query_pools/deep1m_shine.json,97cc938356d3a3deac41e1d837d406d0088b0e646b037066be4403da5b869b02,raw_sources/shine_w1_r2.json,0139558ec092fc399ae1a73263eb4d8eeaa2f7854c64a47fe90e6e6845e179bd
vldb-worker-scaling-final-node3-v1-20260713,9141f811c3609df83d93b2fe95bdc2045ecd457ffd0e0090e3c2d9e2ee2257dc,2e60c6ea3bb3893b66cbce65cfdc5d82faab4a74fcc469fdeb7b5ff8dda34fb6,DEEP1M,SlabWalk,1,2,1,1,2,10,200,l2,fixed_query_pool,ok,10000,10000,0,0.98907,1246.0,68973a8fa5af6691d904c0f5a292136be6e3f21fed6b28154a1bfbdb1c93db57,edce835964026fe3161d1c3c0a9fdf5144fae22ee30d9b55585bebfca0117ce5,8438fc763f14e0f9741fda15b3e11215aef089ce17d1ad47d53b52a7c9fda5bb,40706891f31cac7124935bfff8ba970a72f31946a00f4e65f310c2429b9e9e88,query_pools/deep1m_slabwalk.json,82bd83cd8d0f0368e88be45da923f942d0e31da34e9524665c82a788a14cda12,raw_sources/slabwalk_w1_r2.json,71f3a624046b3a8a8cf3871a93642d176a06a75d0e5db29a85c21ce08759299a
vldb-worker-scaling-final-node3-v1-20260713,fd19573a23634c14ddd9fa5f9dcd23c3390e90a8adefbf149b4ba347c8c9cd0b,1fede56b39bf640663761bce92646a464098f95baf64a58d7847d520f7833bd8,DEEP1M,d-HNSW,1,2,1,,,10,200,l2,fixed_query_pool,ok,10000,10000,0,0.90892,4960.187,68973a8fa5af6691d904c0f5a292136be6e3f21fed6b28154a1bfbdb1c93db57,edce835964026fe3161d1c3c0a9fdf5144fae22ee30d9b55585bebfca0117ce5,0359efc4a332e6f79ebeade7665aa314e10b122fea1d54b3878f97c9bb5ba574,d99e96c21cfdc2383f2735f80d0d7e3c7ef62989510bf840023a6454e108a5b2,query_pools/deep1m_dhnsw.json,048df03d3f6547048d22468d81dc0c5155a6f42f4c3f661cd38c96f01e81e798,raw_sources/dhnsw_w1_r2.json,2728d6ff30b98ac1e5e7aa88d719ee40adb0bb6a59312c4b93b41ebc54aa42b5
vldb-worker-scaling-final-node3-v1-20260713,1ea54320a7bc7ed459ab289f77dea23d0370743285152baeb21bb363ddfaf18b,2e60c6ea3bb3893b66cbce65cfdc5d82faab4a74fcc469fdeb7b5ff8dda34fb6,DEEP1M,SHINE,1,3,1,1,2,10,200,l2,fixed_query_pool,ok,10000,10000,0,0.98901,125.0,68973a8fa5af6691d904c0f5a292136be6e3f21fed6b28154a1bfbdb1c93db57,edce835964026fe3161d1c3c0a9fdf5144fae22ee30d9b55585bebfca0117ce5,8438fc763f14e0f9741fda15b3e11215aef089ce17d1ad47d53b52a7c9fda5bb,40706891f31cac7124935bfff8ba970a72f31946a00f4e65f310c2429b9e9e88,query_pools/deep1m_shine.json,97cc938356d3a3deac41e1d837d406d0088b0e646b037066be4403da5b869b02,raw_sources/shine_w1_r3.json,e7c12f1bf292ae11de90fd074ef20dda72ccca745e58e076cf7ba4b77c6e5f18
vldb-worker-scaling-final-node3-v1-20260713,9141f811c3609df83d93b2fe95bdc2045ecd457ffd0e0090e3c2d9e2ee2257dc,2e60c6ea3bb3893b66cbce65cfdc5d82faab4a74fcc469fdeb7b5ff8dda34fb6,DEEP1M,SlabWalk,1,3,1,1,2,10,200,l2,fixed_query_pool,ok,10000,10000,0,0.98907,1245.0,68973a8fa5af6691d904c0f5a292136be6e3f21fed6b28154a1bfbdb1c93db57,edce835964026fe3161d1c3c0a9fdf5144fae22ee30d9b55585bebfca0117ce5,8438fc763f14e0f9741fda15b3e11215aef089ce17d1ad47d53b52a7c9fda5bb,40706891f31cac7124935bfff8ba970a72f31946a00f4e65f310c2429b9e9e88,query_pools/deep1m_slabwalk.json,82bd83cd8d0f0368e88be45da923f942d0e31da34e9524665c82a788a14cda12,raw_sources/slabwalk_w1_r3.json,c1a31d94b7aef7f277874a59258c075eaa9e0ccf310a5b21b117ce5bf3aa3685
vldb-worker-scaling-final-node3-v1-20260713,fd19573a23634c14ddd9fa5f9dcd23c3390e90a8adefbf149b4ba347c8c9cd0b,1fede56b39bf640663761bce92646a464098f95baf64a58d7847d520f7833bd8,DEEP1M,d-HNSW,1,3,1,,,10,200,l2,fixed_query_pool,ok,10000,10000,0,0.9089,5669.374,68973a8fa5af6691d904c0f5a292136be6e3f21fed6b28154a1bfbdb1c93db57,edce835964026fe3161d1c3c0a9fdf5144fae22ee30d9b55585bebfca0117ce5,0359efc4a332e6f79ebeade7665aa314e10b122fea1d54b3878f97c9bb5ba574,d99e96c21cfdc2383f2735f80d0d7e3c7ef62989510bf840023a6454e108a5b2,query_pools/deep1m_dhnsw.json,048df03d3f6547048d22468d81dc0c5155a6f42f4c3f661cd38c96f01e81e798,raw_sources/dhnsw_w1_r3.json,b08cbcc81b7a019d2cd094ca11d7139893bab9e72b132428cebeee152cbfe982
vldb-worker-scaling-final-node3-v1-20260713,1ea54320a7bc7ed459ab289f77dea23d0370743285152baeb21bb363ddfaf18b,2e60c6ea3bb3893b66cbce65cfdc5d82faab4a74fcc469fdeb7b5ff8dda34fb6,DEEP1M,SHINE,1,4,1,1,2,10,200,l2,fixed_query_pool,ok,10000,10000,0,0.98901,125.0,68973a8fa5af6691d904c0f5a292136be6e3f21fed6b28154a1bfbdb1c93db57,edce835964026fe3161d1c3c0a9fdf5144fae22ee30d9b55585bebfca0117ce5,8438fc763f14e0f9741fda15b3e11215aef089ce17d1ad47d53b52a7c9fda5bb,40706891f31cac7124935bfff8ba970a72f31946a00f4e65f310c2429b9e9e88,query_pools/deep1m_shine.json,97cc938356d3a3deac41e1d837d406d0088b0e646b037066be4403da5b869b02,raw_sources/shine_w1_r4.json,0195fdebd0fb45979672cc7d2f8a62870905534202a25d9c4f3d4ac67063e20b
vldb-worker-scaling-final-node3-v1-20260713,9141f811c3609df83d93b2fe95bdc2045ecd457ffd0e0090e3c2d9e2ee2257dc,2e60c6ea3bb3893b66cbce65cfdc5d82faab4a74fcc469fdeb7b5ff8dda34fb6,DEEP1M,SlabWalk,1,4,1,1,2,10,200,l2,fixed_query_pool,ok,10000,10000,0,0.98907,1240.0,68973a8fa5af6691d904c0f5a292136be6e3f21fed6b28154a1bfbdb1c93db57,edce835964026fe3161d1c3c0a9fdf5144fae22ee30d9b55585bebfca0117ce5,8438fc763f14e0f9741fda15b3e11215aef089ce17d1ad47d53b52a7c9fda5bb,40706891f31cac7124935bfff8ba970a72f31946a00f4e65f310c2429b9e9e88,query_pools/deep1m_slabwalk.json,82bd83cd8d0f0368e88be45da923f942d0e31da34e9524665c82a788a14cda12,raw_sources/slabwalk_w1_r4.json,8d16768de138d2bb33a3e9807fb45d7ec43cb71d7b7ef8688b42423a6b359463
vldb-worker-scaling-final-node3-v1-20260713,fd19573a23634c14ddd9fa5f9dcd23c3390e90a8adefbf149b4ba347c8c9cd0b,1fede56b39bf640663761bce92646a464098f95baf64a58d7847d520f7833bd8,DEEP1M,d-HNSW,1,4,1,,,10,200,l2,fixed_query_pool,ok,10000,10000,0,0.90893,5634.338,68973a8fa5af6691d904c0f5a292136be6e3f21fed6b28154a1bfbdb1c93db57,edce835964026fe3161d1c3c0a9fdf5144fae22ee30d9b55585bebfca0117ce5,0359efc4a332e6f79ebeade7665aa314e10b122fea1d54b3878f97c9bb5ba574,d99e96c21cfdc2383f2735f80d0d7e3c7ef62989510bf840023a6454e108a5b2,query_pools/deep1m_dhnsw.json,048df03d3f6547048d22468d81dc0c5155a6f42f4c3f661cd38c96f01e81e798,raw_sources/dhnsw_w1_r4.json,eb68dc58ce8fe9013a8b16750be0d520582ebf0cc5e8ef53a97992599f73690b
vldb-worker-scaling-final-node3-v1-20260713,e56e6a2fbf5f4dc79025784126439016106b8b6cc89f9f0da78bd24279f9792c,2e60c6ea3bb3893b66cbce65cfdc5d82faab4a74fcc469fdeb7b5ff8dda34fb6,DEEP1M,SHINE,8,0,8,8,2,10,200,l2,fixed_query_pool,ok,10000,10000,0,0.98901,940.0,68973a8fa5af6691d904c0f5a292136be6e3f21fed6b28154a1bfbdb1c93db57,edce835964026fe3161d1c3c0a9fdf5144fae22ee30d9b55585bebfca0117ce5,8438fc763f14e0f9741fda15b3e11215aef089ce17d1ad47d53b52a7c9fda5bb,40706891f31cac7124935bfff8ba970a72f31946a00f4e65f310c2429b9e9e88,query_pools/deep1m_shine.json,97cc938356d3a3deac41e1d837d406d0088b0e646b037066be4403da5b869b02,raw_sources/shine_w8_r0.json,5aceb7ed8fa9d8b434aead50f3cd19a1a9a017be450ed9b51c65941607485cc6
vldb-worker-scaling-final-node3-v1-20260713,d2d212b32d3361ec356ca40d8abb0b5e8f3b7636ec5a5dac1bd2505c4e719255,2e60c6ea3bb3893b66cbce65cfdc5d82faab4a74fcc469fdeb7b5ff8dda34fb6,DEEP1M,SlabWalk,8,0,8,8,2,10,200,l2,fixed_query_pool,ok,10000,10000,0,0.98907,9250.0,68973a8fa5af6691d904c0f5a292136be6e3f21fed6b28154a1bfbdb1c93db57,edce835964026fe3161d1c3c0a9fdf5144fae22ee30d9b55585bebfca0117ce5,8438fc763f14e0f9741fda15b3e11215aef089ce17d1ad47d53b52a7c9fda5bb,40706891f31cac7124935bfff8ba970a72f31946a00f4e65f310c2429b9e9e88,query_pools/deep1m_slabwalk.json,82bd83cd8d0f0368e88be45da923f942d0e31da34e9524665c82a788a14cda12,raw_sources/slabwalk_w8_r0.json,99d77c9249b848db508865775011755288822ea1028955c201e0446fbf14c25a
vldb-worker-scaling-final-node3-v1-20260713,142d99aaa1f0367d225b66e52e35c6627b42b6a7f692d772ae2af62d616a9b99,1fede56b39bf640663761bce92646a464098f95baf64a58d7847d520f7833bd8,DEEP1M,d-HNSW,8,0,8,,,10,200,l2,fixed_query_pool,ok,10000,10000,0,0.90889,5980.833,68973a8fa5af6691d904c0f5a292136be6e3f21fed6b28154a1bfbdb1c93db57,edce835964026fe3161d1c3c0a9fdf5144fae22ee30d9b55585bebfca0117ce5,0359efc4a332e6f79ebeade7665aa314e10b122fea1d54b3878f97c9bb5ba574,d99e96c21cfdc2383f2735f80d0d7e3c7ef62989510bf840023a6454e108a5b2,query_pools/deep1m_dhnsw.json,048df03d3f6547048d22468d81dc0c5155a6f42f4c3f661cd38c96f01e81e798,raw_sources/dhnsw_w8_r0.json,1f3f6a3608ee75f5471614d5bc465879cc524d80c5d1f251bb8e540ab3bdd7c7
vldb-worker-scaling-final-node3-v1-20260713,e56e6a2fbf5f4dc79025784126439016106b8b6cc89f9f0da78bd24279f9792c,2e60c6ea3bb3893b66cbce65cfdc5d82faab4a74fcc469fdeb7b5ff8dda34fb6,DEEP1M,SHINE,8,1,8,8,2,10,200,l2,fixed_query_pool,ok,10000,10000,0,0.98901,938.0,68973a8fa5af6691d904c0f5a292136be6e3f21fed6b28154a1bfbdb1c93db57,edce835964026fe3161d1c3c0a9fdf5144fae22ee30d9b55585bebfca0117ce5,8438fc763f14e0f9741fda15b3e11215aef089ce17d1ad47d53b52a7c9fda5bb,40706891f31cac7124935bfff8ba970a72f31946a00f4e65f310c2429b9e9e88,query_pools/deep1m_shine.json,97cc938356d3a3deac41e1d837d406d0088b0e646b037066be4403da5b869b02,raw_sources/shine_w8_r1.json,f0f276d85b56121bb9c43e3498cbf189e680dbb8cf72e1ec3a4cd27e0ed4b9aa
vldb-worker-scaling-final-node3-v1-20260713,d2d212b32d3361ec356ca40d8abb0b5e8f3b7636ec5a5dac1bd2505c4e719255,2e60c6ea3bb3893b66cbce65cfdc5d82faab4a74fcc469fdeb7b5ff8dda34fb6,DEEP1M,SlabWalk,8,1,8,8,2,10,200,l2,fixed_query_pool,ok,10000,10000,0,0.98907,9557.0,68973a8fa5af6691d904c0f5a292136be6e3f21fed6b28154a1bfbdb1c93db57,edce835964026fe3161d1c3c0a9fdf5144fae22ee30d9b55585bebfca0117ce5,8438fc763f14e0f9741fda15b3e11215aef089ce17d1ad47d53b52a7c9fda5bb,40706891f31cac7124935bfff8ba970a72f31946a00f4e65f310c2429b9e9e88,query_pools/deep1m_slabwalk.json,82bd83cd8d0f0368e88be45da923f942d0e31da34e9524665c82a788a14cda12,raw_sources/slabwalk_w8_r1.json,f55b482bc00c68b223999e5ef698b21717bfe0e34aa4fb1df0f9e6ff669719cc
vldb-worker-scaling-final-node3-v1-20260713,142d99aaa1f0367d225b66e52e35c6627b42b6a7f692d772ae2af62d616a9b99,1fede56b39bf640663761bce92646a464098f95baf64a58d7847d520f7833bd8,DEEP1M,d-HNSW,8,1,8,,,10,200,l2,fixed_query_pool,ok,10000,10000,0,0.90891,5600.988,68973a8fa5af6691d904c0f5a292136be6e3f21fed6b28154a1bfbdb1c93db57,edce835964026fe3161d1c3c0a9fdf5144fae22ee30d9b55585bebfca0117ce5,0359efc4a332e6f79ebeade7665aa314e10b122fea1d54b3878f97c9bb5ba574,d99e96c21cfdc2383f2735f80d0d7e3c7ef62989510bf840023a6454e108a5b2,query_pools/deep1m_dhnsw.json,048df03d3f6547048d22468d81dc0c5155a6f42f4c3f661cd38c96f01e81e798,raw_sources/dhnsw_w8_r1.json,fedf17c8515b18f3f3006852fb54443ad8d1274584c791b508e1c31502f896a0
vldb-worker-scaling-final-node3-v1-20260713,e56e6a2fbf5f4dc79025784126439016106b8b6cc89f9f0da78bd24279f9792c,2e60c6ea3bb3893b66cbce65cfdc5d82faab4a74fcc469fdeb7b5ff8dda34fb6,DEEP1M,SHINE,8,2,8,8,2,10,200,l2,fixed_query_pool,ok,10000,10000,0,0.98901,942.0,68973a8fa5af6691d904c0f5a292136be6e3f21fed6b28154a1bfbdb1c93db57,edce835964026fe3161d1c3c0a9fdf5144fae22ee30d9b55585bebfca0117ce5,8438fc763f14e0f9741fda15b3e11215aef089ce17d1ad47d53b52a7c9fda5bb,40706891f31cac7124935bfff8ba970a72f31946a00f4e65f310c2429b9e9e88,query_pools/deep1m_shine.json,97cc938356d3a3deac41e1d837d406d0088b0e646b037066be4403da5b869b02,raw_sources/shine_w8_r2.json,dfc5a1ba9f9abeeb9261c1b3fd26ff44244c229cc629393525057758eb696171
vldb-worker-scaling-final-node3-v1-20260713,d2d212b32d3361ec356ca40d8abb0b5e8f3b7636ec5a5dac1bd2505c4e719255,2e60c6ea3bb3893b66cbce65cfdc5d82faab4a74fcc469fdeb7b5ff8dda34fb6,DEEP1M,SlabWalk,8,2,8,8,2,10,200,l2,fixed_query_pool,ok,10000,10000,0,0.98907,8968.0,68973a8fa5af6691d904c0f5a292136be6e3f21fed6b28154a1bfbdb1c93db57,edce835964026fe3161d1c3c0a9fdf5144fae22ee30d9b55585bebfca0117ce5,8438fc763f14e0f9741fda15b3e11215aef089ce17d1ad47d53b52a7c9fda5bb,40706891f31cac7124935bfff8ba970a72f31946a00f4e65f310c2429b9e9e88,query_pools/deep1m_slabwalk.json,82bd83cd8d0f0368e88be45da923f942d0e31da34e9524665c82a788a14cda12,raw_sources/slabwalk_w8_r2.json,6c411664e67db50c9bf87eaf197870787b001f4541872c81d351c5c4c8961937
vldb-worker-scaling-final-node3-v1-20260713,142d99aaa1f0367d225b66e52e35c6627b42b6a7f692d772ae2af62d616a9b99,1fede56b39bf640663761bce92646a464098f95baf64a58d7847d520f7833bd8,DEEP1M,d-HNSW,8,2,8,,,10,200,l2,fixed_query_pool,ok,10000,10000,0,0.90887,5647.125,68973a8fa5af6691d904c0f5a292136be6e3f21fed6b28154a1bfbdb1c93db57,edce835964026fe3161d1c3c0a9fdf5144fae22ee30d9b55585bebfca0117ce5,0359efc4a332e6f79ebeade7665aa314e10b122fea1d54b3878f97c9bb5ba574,d99e96c21cfdc2383f2735f80d0d7e3c7ef62989510bf840023a6454e108a5b2,query_pools/deep1m_dhnsw.json,048df03d3f6547048d22468d81dc0c5155a6f42f4c3f661cd38c96f01e81e798,raw_sources/dhnsw_w8_r2.json,e84cb02a28b171c4ef3e968e6651de62cd38f0ea1a5e7cfd1c0c554c03a807e7
vldb-worker-scaling-final-node3-v1-20260713,e56e6a2fbf5f4dc79025784126439016106b8b6cc89f9f0da78bd24279f9792c,2e60c6ea3bb3893b66cbce65cfdc5d82faab4a74fcc469fdeb7b5ff8dda34fb6,DEEP1M,SHINE,8,3,8,8,2,10,200,l2,fixed_query_pool,ok,10000,10000,0,0.98901,936.0,68973a8fa5af6691d904c0f5a292136be6e3f21fed6b28154a1bfbdb1c93db57,edce835964026fe3161d1c3c0a9fdf5144fae22ee30d9b55585bebfca0117ce5,8438fc763f14e0f9741fda15b3e11215aef089ce17d1ad47d53b52a7c9fda5bb,40706891f31cac7124935bfff8ba970a72f31946a00f4e65f310c2429b9e9e88,query_pools/deep1m_shine.json,97cc938356d3a3deac41e1d837d406d0088b0e646b037066be4403da5b869b02,raw_sources/shine_w8_r3.json,3a9797ccfb51d8347b7174a70afff0f3406501bb0e2ad8316cbb4ceaa4d2c336
vldb-worker-scaling-final-node3-v1-20260713,d2d212b32d3361ec356ca40d8abb0b5e8f3b7636ec5a5dac1bd2505c4e719255,2e60c6ea3bb3893b66cbce65cfdc5d82faab4a74fcc469fdeb7b5ff8dda34fb6,DEEP1M,SlabWalk,8,3,8,8,2,10,200,l2,fixed_query_pool,ok,10000,10000,0,0.98907,9282.0,68973a8fa5af6691d904c0f5a292136be6e3f21fed6b28154a1bfbdb1c93db57,edce835964026fe3161d1c3c0a9fdf5144fae22ee30d9b55585bebfca0117ce5,8438fc763f14e0f9741fda15b3e11215aef089ce17d1ad47d53b52a7c9fda5bb,40706891f31cac7124935bfff8ba970a72f31946a00f4e65f310c2429b9e9e88,query_pools/deep1m_slabwalk.json,82bd83cd8d0f0368e88be45da923f942d0e31da34e9524665c82a788a14cda12,raw_sources/slabwalk_w8_r3.json,870e7e1ee6ee0a247aedaecd1b78568bf44911612ab04c8b703b563907ac53c4
vldb-worker-scaling-final-node3-v1-20260713,142d99aaa1f0367d225b66e52e35c6627b42b6a7f692d772ae2af62d616a9b99,1fede56b39bf640663761bce92646a464098f95baf64a58d7847d520f7833bd8,DEEP1M,d-HNSW,8,3,8,,,10,200,l2,fixed_query_pool,ok,10000,10000,0,0.90893,5157.723,68973a8fa5af6691d904c0f5a292136be6e3f21fed6b28154a1bfbdb1c93db57,edce835964026fe3161d1c3c0a9fdf5144fae22ee30d9b55585bebfca0117ce5,0359efc4a332e6f79ebeade7665aa314e10b122fea1d54b3878f97c9bb5ba574,d99e96c21cfdc2383f2735f80d0d7e3c7ef62989510bf840023a6454e108a5b2,query_pools/deep1m_dhnsw.json,048df03d3f6547048d22468d81dc0c5155a6f42f4c3f661cd38c96f01e81e798,raw_sources/dhnsw_w8_r3.json,5c3b4ad4a15a7e22b70e24364df22a1bc65abbdcb53311b85eaf3a9d08f9f1d6
vldb-worker-scaling-final-node3-v1-20260713,e56e6a2fbf5f4dc79025784126439016106b8b6cc89f9f0da78bd24279f9792c,2e60c6ea3bb3893b66cbce65cfdc5d82faab4a74fcc469fdeb7b5ff8dda34fb6,DEEP1M,SHINE,8,4,8,8,2,10,200,l2,fixed_query_pool,ok,10000,10000,0,0.98901,941.0,68973a8fa5af6691d904c0f5a292136be6e3f21fed6b28154a1bfbdb1c93db57,edce835964026fe3161d1c3c0a9fdf5144fae22ee30d9b55585bebfca0117ce5,8438fc763f14e0f9741fda15b3e11215aef089ce17d1ad47d53b52a7c9fda5bb,40706891f31cac7124935bfff8ba970a72f31946a00f4e65f310c2429b9e9e88,query_pools/deep1m_shine.json,97cc938356d3a3deac41e1d837d406d0088b0e646b037066be4403da5b869b02,raw_sources/shine_w8_r4.json,d711616921ad2000410ee15ac510ad82ffa6af8a6371cbee6f4a51a6fb01b390
vldb-worker-scaling-final-node3-v1-20260713,d2d212b32d3361ec356ca40d8abb0b5e8f3b7636ec5a5dac1bd2505c4e719255,2e60c6ea3bb3893b66cbce65cfdc5d82faab4a74fcc469fdeb7b5ff8dda34fb6,DEEP1M,SlabWalk,8,4,8,8,2,10,200,l2,fixed_query_pool,ok,10000,10000,0,0.98907,9273.0,68973a8fa5af6691d904c0f5a292136be6e3f21fed6b28154a1bfbdb1c93db57,edce835964026fe3161d1c3c0a9fdf5144fae22ee30d9b55585bebfca0117ce5,8438fc763f14e0f9741fda15b3e11215aef089ce17d1ad47d53b52a7c9fda5bb,40706891f31cac7124935bfff8ba970a72f31946a00f4e65f310c2429b9e9e88,query_pools/deep1m_slabwalk.json,82bd83cd8d0f0368e88be45da923f942d0e31da34e9524665c82a788a14cda12,raw_sources/slabwalk_w8_r4.json,c60c16ca3f06f595609ab91c0eae7455f62f2d6cf055a0df8aebdc7c7191059c
vldb-worker-scaling-final-node3-v1-20260713,142d99aaa1f0367d225b66e52e35c6627b42b6a7f692d772ae2af62d616a9b99,1fede56b39bf640663761bce92646a464098f95baf64a58d7847d520f7833bd8,DEEP1M,d-HNSW,8,4,8,,,10,200,l2,fixed_query_pool,ok,10000,10000,0,0.90893,5078.565,68973a8fa5af6691d904c0f5a292136be6e3f21fed6b28154a1bfbdb1c93db57,edce835964026fe3161d1c3c0a9fdf5144fae22ee30d9b55585bebfca0117ce5,0359efc4a332e6f79ebeade7665aa314e10b122fea1d54b3878f97c9bb5ba574,d99e96c21cfdc2383f2735f80d0d7e3c7ef62989510bf840023a6454e108a5b2,query_pools/deep1m_dhnsw.json,048df03d3f6547048d22468d81dc0c5155a6f42f4c3f661cd38c96f01e81e798,raw_sources/dhnsw_w8_r4.json,82d92647e8c3f54bf21fbe83e19e7a04df9a24c7e8d169969627b4020c66f39f
vldb-worker-scaling-final-node3-v1-20260713,cd4d3d03897de61de24932dde6d0b18de9eca010f574d0a6c7565fa5dcb01c22,2e60c6ea3bb3893b66cbce65cfdc5d82faab4a74fcc469fdeb7b5ff8dda34fb6,DEEP1M,SHINE,16,0,16,16,2,10,200,l2,fixed_query_pool,ok,10000,10000,0,0.98901,1715.0,68973a8fa5af6691d904c0f5a292136be6e3f21fed6b28154a1bfbdb1c93db57,edce835964026fe3161d1c3c0a9fdf5144fae22ee30d9b55585bebfca0117ce5,8438fc763f14e0f9741fda15b3e11215aef089ce17d1ad47d53b52a7c9fda5bb,40706891f31cac7124935bfff8ba970a72f31946a00f4e65f310c2429b9e9e88,query_pools/deep1m_shine.json,97cc938356d3a3deac41e1d837d406d0088b0e646b037066be4403da5b869b02,raw_sources/shine_w16_r0.json,92505ca42f481f6aae8f2d3b1916090a9807f8a0d1b0512a3923a5e6ef71f373
vldb-worker-scaling-final-node3-v1-20260713,eaff4d65255eb1f48e5a02b8190f842fd907260e9b4aeed6f0ef9403fdb3446b,2e60c6ea3bb3893b66cbce65cfdc5d82faab4a74fcc469fdeb7b5ff8dda34fb6,DEEP1M,SlabWalk,16,0,16,16,2,10,200,l2,fixed_query_pool,ok,10000,10000,0,0.98907,13946.0,68973a8fa5af6691d904c0f5a292136be6e3f21fed6b28154a1bfbdb1c93db57,edce835964026fe3161d1c3c0a9fdf5144fae22ee30d9b55585bebfca0117ce5,8438fc763f14e0f9741fda15b3e11215aef089ce17d1ad47d53b52a7c9fda5bb,40706891f31cac7124935bfff8ba970a72f31946a00f4e65f310c2429b9e9e88,query_pools/deep1m_slabwalk.json,82bd83cd8d0f0368e88be45da923f942d0e31da34e9524665c82a788a14cda12,raw_sources/slabwalk_w16_r0.json,565e88be52911cba038d9550becce4db54d8268afdad5ac4c31093e3bb9d2ee9
vldb-worker-scaling-final-node3-v1-20260713,2af5a4760d6a4dae176c1192bcac11f6d5fc6f37529af44d5fea7cb5eac020d6,1fede56b39bf640663761bce92646a464098f95baf64a58d7847d520f7833bd8,DEEP1M,d-HNSW,16,0,16,,,10,200,l2,fixed_query_pool,ok,10000,10000,0,0.90886,2537.853,68973a8fa5af6691d904c0f5a292136be6e3f21fed6b28154a1bfbdb1c93db57,edce835964026fe3161d1c3c0a9fdf5144fae22ee30d9b55585bebfca0117ce5,0359efc4a332e6f79ebeade7665aa314e10b122fea1d54b3878f97c9bb5ba574,d99e96c21cfdc2383f2735f80d0d7e3c7ef62989510bf840023a6454e108a5b2,query_pools/deep1m_dhnsw.json,048df03d3f6547048d22468d81dc0c5155a6f42f4c3f661cd38c96f01e81e798,raw_sources/dhnsw_w16_r0.json,319e53f786716681ead9cd043beac967bb9f4321b0c7c12461b5c94d116bedfe
vldb-worker-scaling-final-node3-v1-20260713,cd4d3d03897de61de24932dde6d0b18de9eca010f574d0a6c7565fa5dcb01c22,2e60c6ea3bb3893b66cbce65cfdc5d82faab4a74fcc469fdeb7b5ff8dda34fb6,DEEP1M,SHINE,16,1,16,16,2,10,200,l2,fixed_query_pool,ok,10000,10000,0,0.98901,1721.0,68973a8fa5af6691d904c0f5a292136be6e3f21fed6b28154a1bfbdb1c93db57,edce835964026fe3161d1c3c0a9fdf5144fae22ee30d9b55585bebfca0117ce5,8438fc763f14e0f9741fda15b3e11215aef089ce17d1ad47d53b52a7c9fda5bb,40706891f31cac7124935bfff8ba970a72f31946a00f4e65f310c2429b9e9e88,query_pools/deep1m_shine.json,97cc938356d3a3deac41e1d837d406d0088b0e646b037066be4403da5b869b02,raw_sources/shine_w16_r1.json,1284c041e665fbf6cd3a5bf3c4ef9f67876ad6c526e92da0af249f8874d6dd1d
vldb-worker-scaling-final-node3-v1-20260713,eaff4d65255eb1f48e5a02b8190f842fd907260e9b4aeed6f0ef9403fdb3446b,2e60c6ea3bb3893b66cbce65cfdc5d82faab4a74fcc469fdeb7b5ff8dda34fb6,DEEP1M,SlabWalk,16,1,16,16,2,10,200,l2,fixed_query_pool,ok,10000,10000,0,0.98907,14735.0,68973a8fa5af6691d904c0f5a292136be6e3f21fed6b28154a1bfbdb1c93db57,edce835964026fe3161d1c3c0a9fdf5144fae22ee30d9b55585bebfca0117ce5,8438fc763f14e0f9741fda15b3e11215aef089ce17d1ad47d53b52a7c9fda5bb,40706891f31cac7124935bfff8ba970a72f31946a00f4e65f310c2429b9e9e88,query_pools/deep1m_slabwalk.json,82bd83cd8d0f0368e88be45da923f942d0e31da34e9524665c82a788a14cda12,raw_sources/slabwalk_w16_r1.json,822ecc00b4b83e34f673516885448de0a92f9653cbb51f8a9aac2695a728f557
vldb-worker-scaling-final-node3-v1-20260713,2af5a4760d6a4dae176c1192bcac11f6d5fc6f37529af44d5fea7cb5eac020d6,1fede56b39bf640663761bce92646a464098f95baf64a58d7847d520f7833bd8,DEEP1M,d-HNSW,16,1,16,,,10,200,l2,fixed_query_pool,ok,10000,10000,0,0.90891,2533.022,68973a8fa5af6691d904c0f5a292136be6e3f21fed6b28154a1bfbdb1c93db57,edce835964026fe3161d1c3c0a9fdf5144fae22ee30d9b55585bebfca0117ce5,0359efc4a332e6f79ebeade7665aa314e10b122fea1d54b3878f97c9bb5ba574,d99e96c21cfdc2383f2735f80d0d7e3c7ef62989510bf840023a6454e108a5b2,query_pools/deep1m_dhnsw.json,048df03d3f6547048d22468d81dc0c5155a6f42f4c3f661cd38c96f01e81e798,raw_sources/dhnsw_w16_r1.json,3cb5359d15780339e367179ff1f75b7d16865ed383b6af1e84398c824f5d74b2
vldb-worker-scaling-final-node3-v1-20260713,cd4d3d03897de61de24932dde6d0b18de9eca010f574d0a6c7565fa5dcb01c22,2e60c6ea3bb3893b66cbce65cfdc5d82faab4a74fcc469fdeb7b5ff8dda34fb6,DEEP1M,SHINE,16,2,16,16,2,10,200,l2,fixed_query_pool,ok,10000,10000,0,0.98901,1709.0,68973a8fa5af6691d904c0f5a292136be6e3f21fed6b28154a1bfbdb1c93db57,edce835964026fe3161d1c3c0a9fdf5144fae22ee30d9b55585bebfca0117ce5,8438fc763f14e0f9741fda15b3e11215aef089ce17d1ad47d53b52a7c9fda5bb,40706891f31cac7124935bfff8ba970a72f31946a00f4e65f310c2429b9e9e88,query_pools/deep1m_shine.json,97cc938356d3a3deac41e1d837d406d0088b0e646b037066be4403da5b869b02,raw_sources/shine_w16_r2.json,517205b0b421e77f6e5a20168e8b6d59297cf01bf7cbbb661462a6c8d1babd22
vldb-worker-scaling-final-node3-v1-20260713,eaff4d65255eb1f48e5a02b8190f842fd907260e9b4aeed6f0ef9403fdb3446b,2e60c6ea3bb3893b66cbce65cfdc5d82faab4a74fcc469fdeb7b5ff8dda34fb6,DEEP1M,SlabWalk,16,2,16,16,2,10,200,l2,fixed_query_pool,ok,10000,10000,0,0.98907,13952.0,68973a8fa5af6691d904c0f5a292136be6e3f21fed6b28154a1bfbdb1c93db57,edce835964026fe3161d1c3c0a9fdf5144fae22ee30d9b55585bebfca0117ce5,8438fc763f14e0f9741fda15b3e11215aef089ce17d1ad47d53b52a7c9fda5bb,40706891f31cac7124935bfff8ba970a72f31946a00f4e65f310c2429b9e9e88,query_pools/deep1m_slabwalk.json,82bd83cd8d0f0368e88be45da923f942d0e31da34e9524665c82a788a14cda12,raw_sources/slabwalk_w16_r2.json,4caeff14a92678210f86a355d5336cd06c6d858ae5d38e403914c5d251ec0bcf
vldb-worker-scaling-final-node3-v1-20260713,2af5a4760d6a4dae176c1192bcac11f6d5fc6f37529af44d5fea7cb5eac020d6,1fede56b39bf640663761bce92646a464098f95baf64a58d7847d520f7833bd8,DEEP1M,d-HNSW,16,2,16,,,10,200,l2,fixed_query_pool,ok,10000,10000,0,0.9089,2606.975,68973a8fa5af6691d904c0f5a292136be6e3f21fed6b28154a1bfbdb1c93db57,edce835964026fe3161d1c3c0a9fdf5144fae22ee30d9b55585bebfca0117ce5,0359efc4a332e6f79ebeade7665aa314e10b122fea1d54b3878f97c9bb5ba574,d99e96c21cfdc2383f2735f80d0d7e3c7ef62989510bf840023a6454e108a5b2,query_pools/deep1m_dhnsw.json,048df03d3f6547048d22468d81dc0c5155a6f42f4c3f661cd38c96f01e81e798,raw_sources/dhnsw_w16_r2.json,f1fcaac1973da59ac0d9a787358c26353fa310bdd10cf74bc832975f849b8f5f
vldb-worker-scaling-final-node3-v1-20260713,cd4d3d03897de61de24932dde6d0b18de9eca010f574d0a6c7565fa5dcb01c22,2e60c6ea3bb3893b66cbce65cfdc5d82faab4a74fcc469fdeb7b5ff8dda34fb6,DEEP1M,SHINE,16,3,16,16,2,10,200,l2,fixed_query_pool,ok,10000,10000,0,0.98901,1717.0,68973a8fa5af6691d904c0f5a292136be6e3f21fed6b28154a1bfbdb1c93db57,edce835964026fe3161d1c3c0a9fdf5144fae22ee30d9b55585bebfca0117ce5,8438fc763f14e0f9741fda15b3e11215aef089ce17d1ad47d53b52a7c9fda5bb,40706891f31cac7124935bfff8ba970a72f31946a00f4e65f310c2429b9e9e88,query_pools/deep1m_shine.json,97cc938356d3a3deac41e1d837d406d0088b0e646b037066be4403da5b869b02,raw_sources/shine_w16_r3.json,a6f6356a1f6220b452c224cb55e9aa6c08659ba3dd8b48feced2341bdf0bdf56
vldb-worker-scaling-final-node3-v1-20260713,eaff4d65255eb1f48e5a02b8190f842fd907260e9b4aeed6f0ef9403fdb3446b,2e60c6ea3bb3893b66cbce65cfdc5d82faab4a74fcc469fdeb7b5ff8dda34fb6,DEEP1M,SlabWalk,16,3,16,16,2,10,200,l2,fixed_query_pool,ok,10000,10000,0,0.98907,14736.0,68973a8fa5af6691d904c0f5a292136be6e3f21fed6b28154a1bfbdb1c93db57,edce835964026fe3161d1c3c0a9fdf5144fae22ee30d9b55585bebfca0117ce5,8438fc763f14e0f9741fda15b3e11215aef089ce17d1ad47d53b52a7c9fda5bb,40706891f31cac7124935bfff8ba970a72f31946a00f4e65f310c2429b9e9e88,query_pools/deep1m_slabwalk.json,82bd83cd8d0f0368e88be45da923f942d0e31da34e9524665c82a788a14cda12,raw_sources/slabwalk_w16_r3.json,b3f26371d1d44b08178b36dba9a363de79d6a3dc16b16be488cb00b81d7ecf3d
vldb-worker-scaling-final-node3-v1-20260713,2af5a4760d6a4dae176c1192bcac11f6d5fc6f37529af44d5fea7cb5eac020d6,1fede56b39bf640663761bce92646a464098f95baf64a58d7847d520f7833bd8,DEEP1M,d-HNSW,16,3,16,,,10,200,l2,fixed_query_pool,ok,10000,10000,0,0.90892,2633.905,68973a8fa5af6691d904c0f5a292136be6e3f21fed6b28154a1bfbdb1c93db57,edce835964026fe3161d1c3c0a9fdf5144fae22ee30d9b55585bebfca0117ce5,0359efc4a332e6f79ebeade7665aa314e10b122fea1d54b3878f97c9bb5ba574,d99e96c21cfdc2383f2735f80d0d7e3c7ef62989510bf840023a6454e108a5b2,query_pools/deep1m_dhnsw.json,048df03d3f6547048d22468d81dc0c5155a6f42f4c3f661cd38c96f01e81e798,raw_sources/dhnsw_w16_r3.json,e8b9087bfcc3cb909d48a325ed260af42067c8a8b6be44a390f255afcc58ec02
vldb-worker-scaling-final-node3-v1-20260713,cd4d3d03897de61de24932dde6d0b18de9eca010f574d0a6c7565fa5dcb01c22,2e60c6ea3bb3893b66cbce65cfdc5d82faab4a74fcc469fdeb7b5ff8dda34fb6,DEEP1M,SHINE,16,4,16,16,2,10,200,l2,fixed_query_pool,ok,10000,10000,0,0.98901,1720.0,68973a8fa5af6691d904c0f5a292136be6e3f21fed6b28154a1bfbdb1c93db57,edce835964026fe3161d1c3c0a9fdf5144fae22ee30d9b55585bebfca0117ce5,8438fc763f14e0f9741fda15b3e11215aef089ce17d1ad47d53b52a7c9fda5bb,40706891f31cac7124935bfff8ba970a72f31946a00f4e65f310c2429b9e9e88,query_pools/deep1m_shine.json,97cc938356d3a3deac41e1d837d406d0088b0e646b037066be4403da5b869b02,raw_sources/shine_w16_r4.json,4c6b7043ca9a033570d4a7ac20a23f299d2eb8d6bf2821ef39f47de3620748b6
vldb-worker-scaling-final-node3-v1-20260713,eaff4d65255eb1f48e5a02b8190f842fd907260e9b4aeed6f0ef9403fdb3446b,2e60c6ea3bb3893b66cbce65cfdc5d82faab4a74fcc469fdeb7b5ff8dda34fb6,DEEP1M,SlabWalk,16,4,16,16,2,10,200,l2,fixed_query_pool,ok,10000,10000,0,0.98907,13934.0,68973a8fa5af6691d904c0f5a292136be6e3f21fed6b28154a1bfbdb1c93db57,edce835964026fe3161d1c3c0a9fdf5144fae22ee30d9b55585bebfca0117ce5,8438fc763f14e0f9741fda15b3e11215aef089ce17d1ad47d53b52a7c9fda5bb,40706891f31cac7124935bfff8ba970a72f31946a00f4e65f310c2429b9e9e88,query_pools/deep1m_slabwalk.json,82bd83cd8d0f0368e88be45da923f942d0e31da34e9524665c82a788a14cda12,raw_sources/slabwalk_w16_r4.json,f913891020efa1e39d203679396e5de43f1dba78176443ce076701521ec4bf51
vldb-worker-scaling-final-node3-v1-20260713,2af5a4760d6a4dae176c1192bcac11f6d5fc6f37529af44d5fea7cb5eac020d6,1fede56b39bf640663761bce92646a464098f95baf64a58d7847d520f7833bd8,DEEP1M,d-HNSW,16,4,16,,,10,200,l2,fixed_query_pool,ok,10000,10000,0,0.90891,2561.123,68973a8fa5af6691d904c0f5a292136be6e3f21fed6b28154a1bfbdb1c93db57,edce835964026fe3161d1c3c0a9fdf5144fae22ee30d9b55585bebfca0117ce5,0359efc4a332e6f79ebeade7665aa314e10b122fea1d54b3878f97c9bb5ba574,d99e96c21cfdc2383f2735f80d0d7e3c7ef62989510bf840023a6454e108a5b2,query_pools/deep1m_dhnsw.json,048df03d3f6547048d22468d81dc0c5155a6f42f4c3f661cd38c96f01e81e798,raw_sources/dhnsw_w16_r4.json,a0521ea866a6e53de53658bf197e62e03c43a2fd8fec3fc0c7fadedb2f42b19b
vldb-worker-scaling-final-node3-v1-20260713,34b1b7bab5a5e4b70392020a982f216c3a347209f3e82800d921a496f914d3bd,2e60c6ea3bb3893b66cbce65cfdc5d82faab4a74fcc469fdeb7b5ff8dda34fb6,DEEP1M,SHINE,40,0,40,40,2,10,200,l2,fixed_query_pool,ok,10000,10000,0,0.98901,3126.0,68973a8fa5af6691d904c0f5a292136be6e3f21fed6b28154a1bfbdb1c93db57,edce835964026fe3161d1c3c0a9fdf5144fae22ee30d9b55585bebfca0117ce5,8438fc763f14e0f9741fda15b3e11215aef089ce17d1ad47d53b52a7c9fda5bb,40706891f31cac7124935bfff8ba970a72f31946a00f4e65f310c2429b9e9e88,query_pools/deep1m_shine.json,97cc938356d3a3deac41e1d837d406d0088b0e646b037066be4403da5b869b02,raw_sources/shine_w40_r0.json,820de0da97adf0d928b3a152e0be890ce2e27f4e6740010adbf38f31500a1543
vldb-worker-scaling-final-node3-v1-20260713,edc9a9da4cb0273166da95f1411804d66a78599853cd80cc3df5394678cd5b53,2e60c6ea3bb3893b66cbce65cfdc5d82faab4a74fcc469fdeb7b5ff8dda34fb6,DEEP1M,SlabWalk,40,0,40,40,2,10,200,l2,fixed_query_pool,ok,10000,10000,0,0.98907,14680.0,68973a8fa5af6691d904c0f5a292136be6e3f21fed6b28154a1bfbdb1c93db57,edce835964026fe3161d1c3c0a9fdf5144fae22ee30d9b55585bebfca0117ce5,8438fc763f14e0f9741fda15b3e11215aef089ce17d1ad47d53b52a7c9fda5bb,40706891f31cac7124935bfff8ba970a72f31946a00f4e65f310c2429b9e9e88,query_pools/deep1m_slabwalk.json,82bd83cd8d0f0368e88be45da923f942d0e31da34e9524665c82a788a14cda12,raw_sources/slabwalk_w40_r0.json,aa14122d00623aa9be0e5724b437556413f11b612b68468cf44583ce6b74423e
vldb-worker-scaling-final-node3-v1-20260713,3e597d5373b051f657d00da34c40c5604daa2775761ec914f3af855f0b767b3a,1fede56b39bf640663761bce92646a464098f95baf64a58d7847d520f7833bd8,DEEP1M,d-HNSW,40,0,40,,,10,200,l2,fixed_query_pool,ok,10000,10000,0,0.90891,1090.626,68973a8fa5af6691d904c0f5a292136be6e3f21fed6b28154a1bfbdb1c93db57,edce835964026fe3161d1c3c0a9fdf5144fae22ee30d9b55585bebfca0117ce5,0359efc4a332e6f79ebeade7665aa314e10b122fea1d54b3878f97c9bb5ba574,d99e96c21cfdc2383f2735f80d0d7e3c7ef62989510bf840023a6454e108a5b2,query_pools/deep1m_dhnsw.json,048df03d3f6547048d22468d81dc0c5155a6f42f4c3f661cd38c96f01e81e798,raw_sources/dhnsw_w40_r0.json,179a8a0fa350df8ccd2f1be85537126aa45dc1175f1c0d85521c12da37a7882d
vldb-worker-scaling-final-node3-v1-20260713,34b1b7bab5a5e4b70392020a982f216c3a347209f3e82800d921a496f914d3bd,2e60c6ea3bb3893b66cbce65cfdc5d82faab4a74fcc469fdeb7b5ff8dda34fb6,DEEP1M,SHINE,40,1,40,40,2,10,200,l2,fixed_query_pool,ok,10000,10000,0,0.98901,3096.0,68973a8fa5af6691d904c0f5a292136be6e3f21fed6b28154a1bfbdb1c93db57,edce835964026fe3161d1c3c0a9fdf5144fae22ee30d9b55585bebfca0117ce5,8438fc763f14e0f9741fda15b3e11215aef089ce17d1ad47d53b52a7c9fda5bb,40706891f31cac7124935bfff8ba970a72f31946a00f4e65f310c2429b9e9e88,query_pools/deep1m_shine.json,97cc938356d3a3deac41e1d837d406d0088b0e646b037066be4403da5b869b02,raw_sources/shine_w40_r1.json,d4e3d71f4f517f2c0ea4d4d51f442530c5b74091febe1d46b9676878e928d524
vldb-worker-scaling-final-node3-v1-20260713,edc9a9da4cb0273166da95f1411804d66a78599853cd80cc3df5394678cd5b53,2e60c6ea3bb3893b66cbce65cfdc5d82faab4a74fcc469fdeb7b5ff8dda34fb6,DEEP1M,SlabWalk,40,1,40,40,2,10,200,l2,fixed_query_pool,ok,10000,10000,0,0.98907,14746.0,68973a8fa5af6691d904c0f5a292136be6e3f21fed6b28154a1bfbdb1c93db57,edce835964026fe3161d1c3c0a9fdf5144fae22ee30d9b55585bebfca0117ce5,8438fc763f14e0f9741fda15b3e11215aef089ce17d1ad47d53b52a7c9fda5bb,40706891f31cac7124935bfff8ba970a72f31946a00f4e65f310c2429b9e9e88,query_pools/deep1m_slabwalk.json,82bd83cd8d0f0368e88be45da923f942d0e31da34e9524665c82a788a14cda12,raw_sources/slabwalk_w40_r1.json,1085dfec3aef0ce5e380372d29ced238fa591cc73d009eefddaab7ac7a14f9e9
vldb-worker-scaling-final-node3-v1-20260713,3e597d5373b051f657d00da34c40c5604daa2775761ec914f3af855f0b767b3a,1fede56b39bf640663761bce92646a464098f95baf64a58d7847d520f7833bd8,DEEP1M,d-HNSW,40,1,40,,,10,200,l2,fixed_query_pool,ok,10000,10000,0,0.90893,1104.156,68973a8fa5af6691d904c0f5a292136be6e3f21fed6b28154a1bfbdb1c93db57,edce835964026fe3161d1c3c0a9fdf5144fae22ee30d9b55585bebfca0117ce5,0359efc4a332e6f79ebeade7665aa314e10b122fea1d54b3878f97c9bb5ba574,d99e96c21cfdc2383f2735f80d0d7e3c7ef62989510bf840023a6454e108a5b2,query_pools/deep1m_dhnsw.json,048df03d3f6547048d22468d81dc0c5155a6f42f4c3f661cd38c96f01e81e798,raw_sources/dhnsw_w40_r1.json,fe51cdf67980a53b63be133bed9ab8fcb79f2c1a7992f4a3949815ecd67d3f2c
vldb-worker-scaling-final-node3-v1-20260713,34b1b7bab5a5e4b70392020a982f216c3a347209f3e82800d921a496f914d3bd,2e60c6ea3bb3893b66cbce65cfdc5d82faab4a74fcc469fdeb7b5ff8dda34fb6,DEEP1M,SHINE,40,2,40,40,2,10,200,l2,fixed_query_pool,ok,10000,10000,0,0.98901,3162.0,68973a8fa5af6691d904c0f5a292136be6e3f21fed6b28154a1bfbdb1c93db57,edce835964026fe3161d1c3c0a9fdf5144fae22ee30d9b55585bebfca0117ce5,8438fc763f14e0f9741fda15b3e11215aef089ce17d1ad47d53b52a7c9fda5bb,40706891f31cac7124935bfff8ba970a72f31946a00f4e65f310c2429b9e9e88,query_pools/deep1m_shine.json,97cc938356d3a3deac41e1d837d406d0088b0e646b037066be4403da5b869b02,raw_sources/shine_w40_r2.json,2712ace867b7880429e14f7c632d56a00ae649ac6a6ee917eedc5326a618f533
vldb-worker-scaling-final-node3-v1-20260713,edc9a9da4cb0273166da95f1411804d66a78599853cd80cc3df5394678cd5b53,2e60c6ea3bb3893b66cbce65cfdc5d82faab4a74fcc469fdeb7b5ff8dda34fb6,DEEP1M,SlabWalk,40,2,40,40,2,10,200,l2,fixed_query_pool,ok,10000,10000,0,0.98907,14753.0,68973a8fa5af6691d904c0f5a292136be6e3f21fed6b28154a1bfbdb1c93db57,edce835964026fe3161d1c3c0a9fdf5144fae22ee30d9b55585bebfca0117ce5,8438fc763f14e0f9741fda15b3e11215aef089ce17d1ad47d53b52a7c9fda5bb,40706891f31cac7124935bfff8ba970a72f31946a00f4e65f310c2429b9e9e88,query_pools/deep1m_slabwalk.json,82bd83cd8d0f0368e88be45da923f942d0e31da34e9524665c82a788a14cda12,raw_sources/slabwalk_w40_r2.json,73721902bdeb1ad34f259c15c539746b434c7c085630420b831259842581f335
vldb-worker-scaling-final-node3-v1-20260713,3e597d5373b051f657d00da34c40c5604daa2775761ec914f3af855f0b767b3a,1fede56b39bf640663761bce92646a464098f95baf64a58d7847d520f7833bd8,DEEP1M,d-HNSW,40,2,40,,,10,200,l2,fixed_query_pool,ok,10000,10000,0,0.9089,1099.605,68973a8fa5af6691d904c0f5a292136be6e3f21fed6b28154a1bfbdb1c93db57,edce835964026fe3161d1c3c0a9fdf5144fae22ee30d9b55585bebfca0117ce5,0359efc4a332e6f79ebeade7665aa314e10b122fea1d54b3878f97c9bb5ba574,d99e96c21cfdc2383f2735f80d0d7e3c7ef62989510bf840023a6454e108a5b2,query_pools/deep1m_dhnsw.json,048df03d3f6547048d22468d81dc0c5155a6f42f4c3f661cd38c96f01e81e798,raw_sources/dhnsw_w40_r2.json,52468a37b288a2d9712674ea25f1b014d17c8dc7d4a86a6c42988ada0b506029
vldb-worker-scaling-final-node3-v1-20260713,34b1b7bab5a5e4b70392020a982f216c3a347209f3e82800d921a496f914d3bd,2e60c6ea3bb3893b66cbce65cfdc5d82faab4a74fcc469fdeb7b5ff8dda34fb6,DEEP1M,SHINE,40,3,40,40,2,10,200,l2,fixed_query_pool,ok,10000,10000,0,0.98901,2973.0,68973a8fa5af6691d904c0f5a292136be6e3f21fed6b28154a1bfbdb1c93db57,edce835964026fe3161d1c3c0a9fdf5144fae22ee30d9b55585bebfca0117ce5,8438fc763f14e0f9741fda15b3e11215aef089ce17d1ad47d53b52a7c9fda5bb,40706891f31cac7124935bfff8ba970a72f31946a00f4e65f310c2429b9e9e88,query_pools/deep1m_shine.json,97cc938356d3a3deac41e1d837d406d0088b0e646b037066be4403da5b869b02,raw_sources/shine_w40_r3.json,2414b664d6eea35aacfd335392510e4f11724902741ee4c66db86e248db66ba3
vldb-worker-scaling-final-node3-v1-20260713,edc9a9da4cb0273166da95f1411804d66a78599853cd80cc3df5394678cd5b53,2e60c6ea3bb3893b66cbce65cfdc5d82faab4a74fcc469fdeb7b5ff8dda34fb6,DEEP1M,SlabWalk,40,3,40,40,2,10,200,l2,fixed_query_pool,ok,10000,10000,0,0.98907,14738.0,68973a8fa5af6691d904c0f5a292136be6e3f21fed6b28154a1bfbdb1c93db57,edce835964026fe3161d1c3c0a9fdf5144fae22ee30d9b55585bebfca0117ce5,8438fc763f14e0f9741fda15b3e11215aef089ce17d1ad47d53b52a7c9fda5bb,40706891f31cac7124935bfff8ba970a72f31946a00f4e65f310c2429b9e9e88,query_pools/deep1m_slabwalk.json,82bd83cd8d0f0368e88be45da923f942d0e31da34e9524665c82a788a14cda12,raw_sources/slabwalk_w40_r3.json,0a89dd2bfa5db841f35f48000d02f31de16a6f17b16ca0b623b3af43ec95b8a3
vldb-worker-scaling-final-node3-v1-20260713,3e597d5373b051f657d00da34c40c5604daa2775761ec914f3af855f0b767b3a,1fede56b39bf640663761bce92646a464098f95baf64a58d7847d520f7833bd8,DEEP1M,d-HNSW,40,3,40,,,10,200,l2,fixed_query_pool,ok,10000,10000,0,0.9089,1102.965,68973a8fa5af6691d904c0f5a292136be6e3f21fed6b28154a1bfbdb1c93db57,edce835964026fe3161d1c3c0a9fdf5144fae22ee30d9b55585bebfca0117ce5,0359efc4a332e6f79ebeade7665aa314e10b122fea1d54b3878f97c9bb5ba574,d99e96c21cfdc2383f2735f80d0d7e3c7ef62989510bf840023a6454e108a5b2,query_pools/deep1m_dhnsw.json,048df03d3f6547048d22468d81dc0c5155a6f42f4c3f661cd38c96f01e81e798,raw_sources/dhnsw_w40_r3.json,489933971e727c88dd37ba89ae0a925f6749542626b56fb992b664a3d8ec53fe
vldb-worker-scaling-final-node3-v1-20260713,34b1b7bab5a5e4b70392020a982f216c3a347209f3e82800d921a496f914d3bd,2e60c6ea3bb3893b66cbce65cfdc5d82faab4a74fcc469fdeb7b5ff8dda34fb6,DEEP1M,SHINE,40,4,40,40,2,10,200,l2,fixed_query_pool,ok,10000,10000,0,0.98901,3114.0,68973a8fa5af6691d904c0f5a292136be6e3f21fed6b28154a1bfbdb1c93db57,edce835964026fe3161d1c3c0a9fdf5144fae22ee30d9b55585bebfca0117ce5,8438fc763f14e0f9741fda15b3e11215aef089ce17d1ad47d53b52a7c9fda5bb,40706891f31cac7124935bfff8ba970a72f31946a00f4e65f310c2429b9e9e88,query_pools/deep1m_shine.json,97cc938356d3a3deac41e1d837d406d0088b0e646b037066be4403da5b869b02,raw_sources/shine_w40_r4.json,d8c7256f725ce7e5437ca9253845a0b5983f4617b13334fcb7f3cc5907746851
vldb-worker-scaling-final-node3-v1-20260713,edc9a9da4cb0273166da95f1411804d66a78599853cd80cc3df5394678cd5b53,2e60c6ea3bb3893b66cbce65cfdc5d82faab4a74fcc469fdeb7b5ff8dda34fb6,DEEP1M,SlabWalk,40,4,40,40,2,10,200,l2,fixed_query_pool,ok,10000,10000,0,0.98907,14796.0,68973a8fa5af6691d904c0f5a292136be6e3f21fed6b28154a1bfbdb1c93db57,edce835964026fe3161d1c3c0a9fdf5144fae22ee30d9b55585bebfca0117ce5,8438fc763f14e0f9741fda15b3e11215aef089ce17d1ad47d53b52a7c9fda5bb,40706891f31cac7124935bfff8ba970a72f31946a00f4e65f310c2429b9e9e88,query_pools/deep1m_slabwalk.json,82bd83cd8d0f0368e88be45da923f942d0e31da34e9524665c82a788a14cda12,raw_sources/slabwalk_w40_r4.json,215dc3f6a53eeea64daf8e2f1018328cb08d6f6e1a774e472b50b7e3bf47e3c4
vldb-worker-scaling-final-node3-v1-20260713,3e597d5373b051f657d00da34c40c5604daa2775761ec914f3af855f0b767b3a,1fede56b39bf640663761bce92646a464098f95baf64a58d7847d520f7833bd8,DEEP1M,d-HNSW,40,4,40,,,10,200,l2,fixed_query_pool,ok,10000,10000,0,0.9089,1097.073,68973a8fa5af6691d904c0f5a292136be6e3f21fed6b28154a1bfbdb1c93db57,edce835964026fe3161d1c3c0a9fdf5144fae22ee30d9b55585bebfca0117ce5,0359efc4a332e6f79ebeade7665aa314e10b122fea1d54b3878f97c9bb5ba574,d99e96c21cfdc2383f2735f80d0d7e3c7ef62989510bf840023a6454e108a5b2,query_pools/deep1m_dhnsw.json,048df03d3f6547048d22468d81dc0c5155a6f42f4c3f661cd38c96f01e81e798,raw_sources/dhnsw_w40_r4.json,fba5aa972e2d321a3967536e18b388deb54a9ffdf2c9f1aa07f9123736a0f90d
