dataset,requested_bytes,policy,n,binary_sha256,input_signature,source_tree_sha256,compute_host,selection_hash,result_hash_version,result_hash,physical_hash_version,physical_hash_algorithm,physical_hash_scope,header_hash_scope,descriptor_hash_scope,map_hash_scope,offset_table_hash_scope,record_payload_hash_scope,selected_uid_hash_scope,budget_map_owner_mn,physical_signature,physical_bytes,selected_records,build_mode,build_workers,rank_workers,rank_workers_recorded,staging_bytes,qps_mean,qps_ci95,recall_mean,recall_ci95,p50_us_mean,p50_us_ci95,p95_us_mean,p95_us_ci95,p99_us_mean,p99_us_ci95,posts_per_query_mean,posts_per_query_ci95,bytes_per_query_mean,bytes_per_query_ci95,build_total_ms_mean,build_total_ms_ci95,build_rank_ms_mean,build_rank_ms_ci95,build_materialize_ms_mean,build_materialize_ms_ci95,record_write_posts_mean,record_write_posts_ci95,build_record_assemble_ms_mean,build_record_assemble_ms_ci95,build_record_publish_ms_mean,build_record_publish_ms_ci95
DEEP1M,536870912,benefit,6,bf377c5ad52c743759777a38a0fe6d764b8aced6f81b528f80091621e61e8ac8,9a3a08bb2c42513837965f136afdf965f5f29224599dfc845b6c960eb8505703,57976c8bda972c3d2040823766661cb9d790545f2b82a6caa325f6c375aea44c,skv-node3,11573227021002745799,1,8822020575971608226,2,fnv1a64,field_scoped_physical_artifacts,replicated_header_source_bytes,descriptor_slice_of_replicated_header,global_budget_map_source_bytes,per_mn_offset_table_source_bytes,per_mn_record_payload_source_bytes,global_selected_uid_u32le_sequence,0,a57ac2df4893003d689249262709278c3af200ee797d7be64d7751e2b38b2617,536870872,176200,staged,20,20,1,67108864,6284.333333333333,10.255393546812334,0.98907,0.0,10060.710500000001,15.540198130277446,11626.736,40.34055446167005,12565.044666666667,75.2366092942361,348.1768,0.0,915559.74,0.0,2998.7359306666667,3.6323005818069594,268.97417566666667,1.1269623603166752,1114.3224766666667,3.026480293484759,8.0,0.0,259.34037383333333,3.745985020965755,45.90994383333333,0.012652601926341656
DEEP1M,536870912,hop,6,bf377c5ad52c743759777a38a0fe6d764b8aced6f81b528f80091621e61e8ac8,9a3a08bb2c42513837965f136afdf965f5f29224599dfc845b6c960eb8505703,57976c8bda972c3d2040823766661cb9d790545f2b82a6caa325f6c375aea44c,skv-node3,9978105480066486160,1,8822020575971608226,2,fnv1a64,field_scoped_physical_artifacts,replicated_header_source_bytes,descriptor_slice_of_replicated_header,global_budget_map_source_bytes,per_mn_offset_table_source_bytes,per_mn_record_payload_source_bytes,global_selected_uid_u32le_sequence,0,8e31f3542ca75706fce049dcbbaad1a47f2cf1a36028e03271571b022b69230d,536870856,201076,staged,20,20,1,67108864,5403.0,8.344205486443872,0.98907,0.0,11888.634166666667,22.17558453910701,14440.207333333334,53.67708109915275,15636.569666666666,92.21488425245332,368.6085,0.0,1029850.6992,0.0,3584.5616473333334,4.567759945118075,1231.9703138333334,4.494343276616271,1076.0687788333332,6.622637441486046,8.0,0.0,228.1653035,3.2797405704559845,45.9009425,0.012675826424365188
DEEP1M,536870912,indeg,6,bf377c5ad52c743759777a38a0fe6d764b8aced6f81b528f80091621e61e8ac8,9a3a08bb2c42513837965f136afdf965f5f29224599dfc845b6c960eb8505703,57976c8bda972c3d2040823766661cb9d790545f2b82a6caa325f6c375aea44c,skv-node3,17395791157795909511,1,8822020575971608226,2,fnv1a64,field_scoped_physical_artifacts,replicated_header_source_bytes,descriptor_slice_of_replicated_header,global_budget_map_source_bytes,per_mn_offset_table_source_bytes,per_mn_record_payload_source_bytes,global_selected_uid_u32le_sequence,0,b79c2e9536e4fe7b792dc182fab3e60ee989693e69acdc0da571f133d389cd2c,536870888,177098,staged,20,20,1,67108864,6260.666666666667,26.68285705467089,0.98907,0.0,10077.306333333334,22.686560288306293,11704.461166666666,103.71943496152815,12971.018833333334,935.4056263288965,348.1563,0.0,916301.674,0.0,2811.0814218333335,6.844493720663785,269.383576,0.6640609604212416,1110.9253198333333,5.7772800062271505,8.0,0.0,259.601759,3.1634389969710752,45.90260166666667,0.008012774097673725
DEEP1M,1073741824,benefit,6,bf377c5ad52c743759777a38a0fe6d764b8aced6f81b528f80091621e61e8ac8,9a3a08bb2c42513837965f136afdf965f5f29224599dfc845b6c960eb8505703,57976c8bda972c3d2040823766661cb9d790545f2b82a6caa325f6c375aea44c,skv-node3,13508257724911631318,1,8822020575971608226,2,fnv1a64,field_scoped_physical_artifacts,replicated_header_source_bytes,descriptor_slice_of_replicated_header,global_budget_map_source_bytes,per_mn_offset_table_source_bytes,per_mn_record_payload_source_bytes,global_selected_uid_u32le_sequence,0,efb74a1d39b15c63a3fb9e2f3073b00a132b5a7091d36cb05f1cadeb5e614565,1073741744,363435,staged,20,20,1,67108864,8710.833333333334,28.37757223671539,0.98907,0.0,7222.872833333334,27.753400392128516,8385.166000000001,33.611371660917406,9120.391666666666,76.81404775158153,304.191,0.0,751452.5256,0.0,4089.5223746666666,9.50779345944393,270.1303068333333,1.025827602733015,2133.036397,7.015035690097495,16.0,0.0,467.8999718333333,2.4699692985549677,92.85532433333333,0.045712176033864425
DEEP1M,1073741824,hop,6,bf377c5ad52c743759777a38a0fe6d764b8aced6f81b528f80091621e61e8ac8,9a3a08bb2c42513837965f136afdf965f5f29224599dfc845b6c960eb8505703,57976c8bda972c3d2040823766661cb9d790545f2b82a6caa325f6c375aea44c,skv-node3,17116748085176951982,1,8822020575971608226,2,fnv1a64,field_scoped_physical_artifacts,replicated_header_source_bytes,descriptor_slice_of_replicated_header,global_budget_map_source_bytes,per_mn_offset_table_source_bytes,per_mn_record_payload_source_bytes,global_selected_uid_u32le_sequence,0,aba9a474512de2405f49797ac9539a7aa38942d5f3015c4c66e50184a8ab5ef6,1073741816,432828,staged,20,20,1,67108864,6679.5,21.913910619741063,0.98907,0.0,9790.167,28.8168496898687,13170.586666666666,43.34626707289792,14489.607333333333,231.15787713531824,330.5151,0.0,897872.5176,0.0,4647.972107166666,17.509244574975366,1231.7379031666667,7.471287064830662,2117.4229273333335,13.049674466589641,16.0,0.0,453.12412266666666,3.7054066137942128,92.85345433333333,0.02417454180878473
DEEP1M,1073741824,indeg,6,bf377c5ad52c743759777a38a0fe6d764b8aced6f81b528f80091621e61e8ac8,9a3a08bb2c42513837965f136afdf965f5f29224599dfc845b6c960eb8505703,57976c8bda972c3d2040823766661cb9d790545f2b82a6caa325f6c375aea44c,skv-node3,17244998649765315441,1,8822020575971608226,2,fnv1a64,field_scoped_physical_artifacts,replicated_header_source_bytes,descriptor_slice_of_replicated_header,global_budget_map_source_bytes,per_mn_offset_table_source_bytes,per_mn_record_payload_source_bytes,global_selected_uid_u32le_sequence,0,568915fb275631c1dc730357c20487e7f651d0ea6767f09e40acf136a2d205a2,1073741808,364647,staged,20,20,1,67108864,8659.666666666666,27.751454401526427,0.98907,0.0,7270.777666666667,27.087092953261806,8423.802166666666,32.23897020208148,9136.3925,52.01362396324245,304.4393,0.0,753376.804,0.0,3875.0966906666667,17.973518206328368,269.0503163333333,1.8107899311048663,2127.544499,15.898794065076908,16.0,0.0,466.885524,3.694650589835845,92.86174333333332,0.026979097935510267
DEEP1M,2147483648,benefit,6,bf377c5ad52c743759777a38a0fe6d764b8aced6f81b528f80091621e61e8ac8,9a3a08bb2c42513837965f136afdf965f5f29224599dfc845b6c960eb8505703,57976c8bda972c3d2040823766661cb9d790545f2b82a6caa325f6c375aea44c,skv-node3,4288443748142003121,1,8822020575971608226,2,fnv1a64,field_scoped_physical_artifacts,replicated_header_source_bytes,descriptor_slice_of_replicated_header,global_budget_map_source_bytes,per_mn_offset_table_source_bytes,per_mn_record_payload_source_bytes,global_selected_uid_u32le_sequence,0,704bacb28c03713fd7edee8170a50123d72991e3115e194d7d5c3bebb2297be2,2147483592,902376,staged,20,20,1,67108864,20360.5,96.50158684109812,0.98907,0.0,3044.2068333333336,12.756816450979313,3411.0455,17.508770580803084,3814.0585,22.45525065203152,209.857,0.0,536648.994,0.0,6269.2345135,37.7130139640759,268.9764468333333,0.8240698054462335,4138.869572166666,33.289324372641225,32.0,0.0,874.7874633333333,4.895677351022411,186.73823549999997,0.044375830567780425
DEEP1M,2147483648,hop,6,bf377c5ad52c743759777a38a0fe6d764b8aced6f81b528f80091621e61e8ac8,9a3a08bb2c42513837965f136afdf965f5f29224599dfc845b6c960eb8505703,57976c8bda972c3d2040823766661cb9d790545f2b82a6caa325f6c375aea44c,skv-node3,14503179415101976270,1,8822020575971608226,2,fnv1a64,field_scoped_physical_artifacts,replicated_header_source_bytes,descriptor_slice_of_replicated_header,global_budget_map_source_bytes,per_mn_offset_table_source_bytes,per_mn_record_payload_source_bytes,global_selected_uid_u32le_sequence,0,809792803cc26be6cf7015e4c13ae061f7e26efba57e4ca30f4f9d77a81be483,2147483600,940513,staged,20,20,1,67108864,18778.833333333332,249.51544329810534,0.98907,0.0,3210.509,43.00390079799957,4381.812833333333,46.27223472289472,5366.317166666667,71.3685014401904,217.4765,0.0,556178.2164,0.0,6734.325209333334,38.09246470725258,1242.2272215,21.722188025688823,4142.003173666667,19.248326313936122,32.0,0.0,870.1005431666666,4.897906416651935,186.71791366666665,0.03763672723771834
DEEP1M,2147483648,indeg,6,bf377c5ad52c743759777a38a0fe6d764b8aced6f81b528f80091621e61e8ac8,9a3a08bb2c42513837965f136afdf965f5f29224599dfc845b6c960eb8505703,57976c8bda972c3d2040823766661cb9d790545f2b82a6caa325f6c375aea44c,skv-node3,3419091514454289038,1,8822020575971608226,2,fnv1a64,field_scoped_physical_artifacts,replicated_header_source_bytes,descriptor_slice_of_replicated_header,global_budget_map_source_bytes,per_mn_offset_table_source_bytes,per_mn_record_payload_source_bytes,global_selected_uid_u32le_sequence,0,e238f79873f954275c63c87e7a3fa6a0a833514ad81aaebef74f15d549ddd31b,2147483576,902444,staged,20,20,1,67108864,20456.166666666668,119.14842983963324,0.98907,0.0,3032.4265,14.837295436700527,3390.948,13.476801102095413,3794.107666666667,27.259493189269758,209.8649,0.0,536666.636,0.0,5993.834652333333,14.802697004656428,268.9951086666666,1.2876571815078355,4140.453007,13.436950917049494,32.0,0.0,868.9043758333333,6.022585303186182,186.72246183333334,0.040212308027113036
GIST1M,536870912,benefit,6,bf377c5ad52c743759777a38a0fe6d764b8aced6f81b528f80091621e61e8ac8,0959b355073bfb34bf87b959c0725bf4c3770bdc62b48cc49fb2eb85d356e814,57976c8bda972c3d2040823766661cb9d790545f2b82a6caa325f6c375aea44c,skv-node3,15086623554454968345,1,14435817900986100451,2,fnv1a64,field_scoped_physical_artifacts,replicated_header_source_bytes,descriptor_slice_of_replicated_header,global_budget_map_source_bytes,per_mn_offset_table_source_bytes,per_mn_record_payload_source_bytes,global_selected_uid_u32le_sequence,0,516642481e01db5faf85cac40cb660e2a2dc2f370e0f3abd0331882daa9a825f,536870112,17197,staged,20,20,1,67108864,596.0,0.0,0.9276,0.0,107857.24533333334,68.37983910967057,117972.39083333334,163.33540261683834,121589.59166666667,277.12915602570155,736.855,0.0,19231353.932,0.0,7007.7243536666665,16.988190027542558,187.18567266666665,2.072605403527566,1104.8605851666666,13.80725659556111,8.0,0.0,238.649385,2.83683861104669,45.911607,0.018301089532148134
GIST1M,536870912,hop,6,bf377c5ad52c743759777a38a0fe6d764b8aced6f81b528f80091621e61e8ac8,0959b355073bfb34bf87b959c0725bf4c3770bdc62b48cc49fb2eb85d356e814,57976c8bda972c3d2040823766661cb9d790545f2b82a6caa325f6c375aea44c,skv-node3,7232205066072187407,1,14435817900986100451,2,fnv1a64,field_scoped_physical_artifacts,replicated_header_source_bytes,descriptor_slice_of_replicated_header,global_budget_map_source_bytes,per_mn_offset_table_source_bytes,per_mn_record_payload_source_bytes,global_selected_uid_u32le_sequence,0,b356cb8d60a589d782991657f29b3616e774dbd0224554aa8f920595dd455606,536870240,29169,staged,20,20,1,67108864,522.6666666666666,0.5420143909528602,0.9276,0.0,123230.64466666667,178.98838717760125,139077.6415,404.1369016768697,144437.38266666667,631.5870179187683,774.165,0.0,21905959.596,0.0,7363.734433,17.643005346117423,827.2391916666667,13.267167647142228,1112.048117,5.245179593931717,8.0,0.0,249.23485233333332,5.3023699659465455,45.91382983333333,0.01015292822836918
GIST1M,536870912,indeg,6,bf377c5ad52c743759777a38a0fe6d764b8aced6f81b528f80091621e61e8ac8,0959b355073bfb34bf87b959c0725bf4c3770bdc62b48cc49fb2eb85d356e814,57976c8bda972c3d2040823766661cb9d790545f2b82a6caa325f6c375aea44c,skv-node3,13625151374250237600,1,14435817900986100451,2,fnv1a64,field_scoped_physical_artifacts,replicated_header_source_bytes,descriptor_slice_of_replicated_header,global_budget_map_source_bytes,per_mn_offset_table_source_bytes,per_mn_record_payload_source_bytes,global_selected_uid_u32le_sequence,0,351e1f63e2405dcbc184412acd7d201e5a28a2929ad1b0d7fc30dbd9b1b66fb4,536870152,17202,staged,20,20,1,67108864,595.8333333333334,0.42850000000000005,0.9276,0.0,107842.109,64.7903742561992,118045.5505,63.35066906920014,121629.42333333334,234.83194277307112,736.85,0.0,19231347.056,0.0,6833.677697666667,13.936101712114116,185.85582766666667,0.9383833609072662,1101.6670933333332,11.104477746635055,8.0,0.0,235.74156266666665,3.2574391422392277,45.915045,0.01084839937650447
GIST1M,1073741824,benefit,6,bf377c5ad52c743759777a38a0fe6d764b8aced6f81b528f80091621e61e8ac8,0959b355073bfb34bf87b959c0725bf4c3770bdc62b48cc49fb2eb85d356e814,57976c8bda972c3d2040823766661cb9d790545f2b82a6caa325f6c375aea44c,skv-node3,5808407588138904163,1,14435817900986100451,2,fnv1a64,field_scoped_physical_artifacts,replicated_header_source_bytes,descriptor_slice_of_replicated_header,global_budget_map_source_bytes,per_mn_offset_table_source_bytes,per_mn_record_payload_source_bytes,global_selected_uid_u32le_sequence,0,2999aad4101fe406ca338db012d05cce186d0d065be3e468c90b18e4fdace0c7,1073741416,35992,staged,20,20,1,67108864,671.5,0.574893077015196,0.9276,0.0,95500.35216666668,47.071037318710054,104698.00050000001,93.16135157167909,108108.73983333334,291.033387092247,701.899,0.0,17079455.06,0.0,8027.5351715,19.481207597027677,186.44894183333332,1.353338818161705,2118.3057088333335,21.53610738198382,16.0,0.0,437.61561916666665,3.349551259839669,92.83803,0.021623511582660456
GIST1M,1073741824,hop,6,bf377c5ad52c743759777a38a0fe6d764b8aced6f81b528f80091621e61e8ac8,0959b355073bfb34bf87b959c0725bf4c3770bdc62b48cc49fb2eb85d356e814,57976c8bda972c3d2040823766661cb9d790545f2b82a6caa325f6c375aea44c,skv-node3,10639204240415707135,1,14435817900986100451,2,fnv1a64,field_scoped_physical_artifacts,replicated_header_source_bytes,descriptor_slice_of_replicated_header,global_budget_map_source_bytes,per_mn_offset_table_source_bytes,per_mn_record_payload_source_bytes,global_selected_uid_u32le_sequence,0,7465608955bb3e4a3fec76f88fceeb3940673cbdf619451ea067c9005f41af9d,1073740864,58371,staged,20,20,1,67108864,563.3333333333334,0.5420143909528602,0.9276,0.0,113784.40766666667,140.76456715031193,131199.65883333335,264.10336417626456,137060.2395,326.48242833152926,746.126,0.0,20333439.992,0.0,8366.399345833333,16.295086754939575,819.2853319999999,2.1203612979035773,2119.7077585,17.945454974398253,16.0,0.0,442.4368401666666,5.528334800229862,92.84748616666666,0.018390130117094873
GIST1M,1073741824,indeg,6,bf377c5ad52c743759777a38a0fe6d764b8aced6f81b528f80091621e61e8ac8,0959b355073bfb34bf87b959c0725bf4c3770bdc62b48cc49fb2eb85d356e814,57976c8bda972c3d2040823766661cb9d790545f2b82a6caa325f6c375aea44c,skv-node3,9087720562180119530,1,14435817900986100451,2,fnv1a64,field_scoped_physical_artifacts,replicated_header_source_bytes,descriptor_slice_of_replicated_header,global_budget_map_source_bytes,per_mn_offset_table_source_bytes,per_mn_record_payload_source_bytes,global_selected_uid_u32le_sequence,0,da48e5bf873f9225e5aa7f0c7c977ae856e775e27f92e5f7f09d27b4a48e7361,1073741712,36151,staged,20,20,1,67108864,668.3333333333334,0.5420143909528602,0.9276,0.0,95963.0885,46.71700667962936,105228.24316666667,118.42808001270365,108564.3055,234.60136174415052,702.909,0.0,17152786.428,0.0,7841.20739,16.156184161956297,186.30505083333333,1.4320625259270332,2107.5695846666667,18.03795609261244,16.0,0.0,438.0136161666667,6.326642736014394,92.81240016666666,0.03170919648459184
GIST1M,2147483648,benefit,6,bf377c5ad52c743759777a38a0fe6d764b8aced6f81b528f80091621e61e8ac8,0959b355073bfb34bf87b959c0725bf4c3770bdc62b48cc49fb2eb85d356e814,57976c8bda972c3d2040823766661cb9d790545f2b82a6caa325f6c375aea44c,skv-node3,352593320118185714,1,14435817900986100451,2,fnv1a64,field_scoped_physical_artifacts,replicated_header_source_bytes,descriptor_slice_of_replicated_header,global_budget_map_source_bytes,per_mn_offset_table_source_bytes,per_mn_record_payload_source_bytes,global_selected_uid_u32le_sequence,0,3f1ed30ea8cc08f91f55537b006d1c1ad8e13a965e8c1d2ee358a4b67795c0b7,2147483568,77673,staged,20,20,1,67108864,802.0,0.0,0.9276,0.0,79805.6835,55.9978810195107,88333.02766666666,105.88029565222396,91675.35683333334,141.1790821821749,648.625,0.0,14313858.236,0.0,10088.287259666668,12.377812482718417,186.51863766666665,0.5585613251373102,4165.1125135,9.619313837488741,32.0,0.0,853.2031346666666,8.856713908015692,186.69505716666666,0.014180656715002831
GIST1M,2147483648,hop,6,bf377c5ad52c743759777a38a0fe6d764b8aced6f81b528f80091621e61e8ac8,0959b355073bfb34bf87b959c0725bf4c3770bdc62b48cc49fb2eb85d356e814,57976c8bda972c3d2040823766661cb9d790545f2b82a6caa325f6c375aea44c,skv-node3,2631781111843267204,1,14435817900986100451,2,fnv1a64,field_scoped_physical_artifacts,replicated_header_source_bytes,descriptor_slice_of_replicated_header,global_budget_map_source_bytes,per_mn_offset_table_source_bytes,per_mn_record_payload_source_bytes,global_selected_uid_u32le_sequence,0,629836baf120753186c6b81b08f9b6f42eeb6dff6b97475f939ab2e4587b8859,2147483072,134219,staged,20,20,1,67108864,638.3333333333334,0.5420143909528602,0.9276,0.0,100373.25683333333,55.95782816474666,121479.26916666667,189.9404201125219,128066.32866666667,370.900745559218,691.391,0.0,17956931.404,0.0,10433.191952666666,40.769937445273115,821.0355951666667,9.766709226754656,4168.962063333333,36.19136697222972,32.0,0.0,834.0247431666667,12.696999560047852,186.7073625,0.037469454800017746
GIST1M,2147483648,indeg,6,bf377c5ad52c743759777a38a0fe6d764b8aced6f81b528f80091621e61e8ac8,0959b355073bfb34bf87b959c0725bf4c3770bdc62b48cc49fb2eb85d356e814,57976c8bda972c3d2040823766661cb9d790545f2b82a6caa325f6c375aea44c,skv-node3,6699602598500427910,1,14435817900986100451,2,fnv1a64,field_scoped_physical_artifacts,replicated_header_source_bytes,descriptor_slice_of_replicated_header,global_budget_map_source_bytes,per_mn_offset_table_source_bytes,per_mn_record_payload_source_bytes,global_selected_uid_u32le_sequence,0,6aeac550a8c343fa09729c3a7f582718b49d9d2dc42b7d58c1f383f9010e1fc5,2147482696,77808,staged,20,20,1,67108864,800.8333333333334,0.42850000000000005,0.9276,0.0,79971.86966666667,50.02374525494046,88346.10216666666,137.52556032740037,91670.78066666667,165.38178947938968,649.004,0.0,14338748.896,0.0,9890.184444999999,27.51168997466748,185.9000003333333,0.9604133173007976,4138.690149166667,31.597102265908507,32.0,0.0,842.3425703333332,8.61729181896095,186.70734783333333,0.03039703227945707
SIFT1M,536870912,benefit,6,bf377c5ad52c743759777a38a0fe6d764b8aced6f81b528f80091621e61e8ac8,d1daa707b63b20514946d08ba4e8b307bd894b1203834a4496df2a0da98d1eca,57976c8bda972c3d2040823766661cb9d790545f2b82a6caa325f6c375aea44c,skv-node3,13235977918877283193,1,17728295184175731646,2,fnv1a64,field_scoped_physical_artifacts,replicated_header_source_bytes,descriptor_slice_of_replicated_header,global_budget_map_source_bytes,per_mn_offset_table_source_bytes,per_mn_record_payload_source_bytes,global_selected_uid_u32le_sequence,0,468d48bea5d932b55950c2e104683a979bb0f00b1fdde2e7a9040902c710d7ad,536870864,139027,staged,20,20,1,67108864,5495.333333333333,13.887631453923309,0.99222,0.0,11589.616333333333,36.44490054415228,13128.542166666666,38.63981337013301,13912.118,33.43457286256059,356.1515,0.0,1253266.0712,0.0,3143.3100233333334,10.492472016944067,244.1357865,1.0776380678370863,1141.4414273333332,11.409820265912774,8.0,0.0,277.74749049999997,4.679575725306889,45.92810283333333,0.034745867616994754
SIFT1M,536870912,hop,6,bf377c5ad52c743759777a38a0fe6d764b8aced6f81b528f80091621e61e8ac8,d1daa707b63b20514946d08ba4e8b307bd894b1203834a4496df2a0da98d1eca,57976c8bda972c3d2040823766661cb9d790545f2b82a6caa325f6c375aea44c,skv-node3,10479203735952711308,1,17728295184175731646,2,fnv1a64,field_scoped_physical_artifacts,replicated_header_source_bytes,descriptor_slice_of_replicated_header,global_budget_map_source_bytes,per_mn_offset_table_source_bytes,per_mn_record_payload_source_bytes,global_selected_uid_u32le_sequence,0,3b02846274865efeccc3171317aa31bf0a233ec50a755b3b8dac7bee72b668d9,536870880,162177,staged,20,20,1,67108864,4888.666666666667,10.779138731828255,0.99222,0.0,13289.68,26.889938207235264,16498.853333333333,77.75701188653181,17793.909333333333,191.79158006791073,370.8976,0.0,1383615.1976,0.0,3711.0287438333335,4.060446919656782,1091.0478786666667,4.945842189363493,1144.4138466666666,5.431326723864944,8.0,0.0,268.83247,2.4891513879052214,45.914765333333335,0.022430553353202428
SIFT1M,536870912,indeg,6,bf377c5ad52c743759777a38a0fe6d764b8aced6f81b528f80091621e61e8ac8,d1daa707b63b20514946d08ba4e8b307bd894b1203834a4496df2a0da98d1eca,57976c8bda972c3d2040823766661cb9d790545f2b82a6caa325f6c375aea44c,skv-node3,15004748774511870811,1,17728295184175731646,2,fnv1a64,field_scoped_physical_artifacts,replicated_header_source_bytes,descriptor_slice_of_replicated_header,global_budget_map_source_bytes,per_mn_offset_table_source_bytes,per_mn_record_payload_source_bytes,global_selected_uid_u32le_sequence,0,659f61d8d7d56fd84a0a24c8612c1bae7a3b993501ad8b5239fbf47fdc174ca7,536870824,139454,staged,20,20,1,67108864,5489.0,18.28846835030206,0.99222,0.0,11596.336833333335,29.66599643787465,13122.427333333333,59.07460289821202,14046.532000000001,463.5856174211488,356.1533,0.0,1253957.5604,0.0,2973.635271333333,8.068114768954048,243.55946583333332,1.2583676362368847,1145.7513968333333,8.513836533947003,8.0,0.0,283.62091666666663,2.8361876305537046,45.90974383333333,0.003398732761467799
SIFT1M,1073741824,benefit,6,bf377c5ad52c743759777a38a0fe6d764b8aced6f81b528f80091621e61e8ac8,d1daa707b63b20514946d08ba4e8b307bd894b1203834a4496df2a0da98d1eca,57976c8bda972c3d2040823766661cb9d790545f2b82a6caa325f6c375aea44c,skv-node3,6065568491132026709,1,17728295184175731646,2,fnv1a64,field_scoped_physical_artifacts,replicated_header_source_bytes,descriptor_slice_of_replicated_header,global_budget_map_source_bytes,per_mn_offset_table_source_bytes,per_mn_record_payload_source_bytes,global_selected_uid_u32le_sequence,0,8c16bd1b63ef6481f12c1c9bc340550c598ff274618060c8daafb7b10ef4c9dd,1073741712,284103,staged,20,20,1,67108864,7161.833333333333,14.98280136856923,0.99222,0.0,8828.447666666667,16.472809599691967,10093.408333333333,27.10744449937154,10810.326166666666,56.71029579938515,319.9807,0.0,1047424.016,0.0,4240.5808996666665,32.55805679275588,244.37875533333332,1.6471628064081762,2183.8179303333336,28.138682881540486,16.0,0.0,499.48819199999997,6.185654917134935,92.86206483333333,0.027692750750916144
SIFT1M,1073741824,hop,6,bf377c5ad52c743759777a38a0fe6d764b8aced6f81b528f80091621e61e8ac8,d1daa707b63b20514946d08ba4e8b307bd894b1203834a4496df2a0da98d1eca,57976c8bda972c3d2040823766661cb9d790545f2b82a6caa325f6c375aea44c,skv-node3,16070688999899705701,1,17728295184175731646,2,fnv1a64,field_scoped_physical_artifacts,replicated_header_source_bytes,descriptor_slice_of_replicated_header,global_budget_map_source_bytes,per_mn_offset_table_source_bytes,per_mn_record_payload_source_bytes,global_selected_uid_u32le_sequence,0,52974d2ecc2fe63fd3ecbc6511a83f3a14d2abca5672f271e81d10bb00187d47,1073741816,352876,staged,20,20,1,67108864,5988.166666666667,14.71571566897105,0.99222,0.0,11017.028166666667,38.37217104038249,15706.757166666666,70.27927238942003,17072.103833333334,137.21005472273077,334.3826,0.0,1214440.7948,0.0,4793.426143333333,19.67467172766477,1091.3286765,2.577256461995178,2197.0055588333335,19.577190061398028,16.0,0.0,503.0236438333333,6.645582219655575,92.86495049999999,0.031391568536989614
SIFT1M,1073741824,indeg,6,bf377c5ad52c743759777a38a0fe6d764b8aced6f81b528f80091621e61e8ac8,d1daa707b63b20514946d08ba4e8b307bd894b1203834a4496df2a0da98d1eca,57976c8bda972c3d2040823766661cb9d790545f2b82a6caa325f6c375aea44c,skv-node3,840385861271883112,1,17728295184175731646,2,fnv1a64,field_scoped_physical_artifacts,replicated_header_source_bytes,descriptor_slice_of_replicated_header,global_budget_map_source_bytes,per_mn_offset_table_source_bytes,per_mn_record_payload_source_bytes,global_selected_uid_u32le_sequence,0,0b6d19bf90196f346975bff32b80cc8d143fc02ef08746d4157a44d1caa7a280,1073741680,285323,staged,20,20,1,67108864,7123.5,6.629990395920647,0.99222,0.0,8883.115,8.216207603725596,10136.020166666667,8.69007724655904,10828.518833333334,67.11164128841436,320.1909,0.0,1049781.9956,0.0,4043.564561,30.833972707163696,243.73208233333332,2.4406489873947534,2174.654622,27.546480522902694,16.0,0.0,495.4526338333333,4.899757382183036,92.86456283333332,0.03825653410624976
SIFT1M,2147483648,benefit,6,bf377c5ad52c743759777a38a0fe6d764b8aced6f81b528f80091621e61e8ac8,d1daa707b63b20514946d08ba4e8b307bd894b1203834a4496df2a0da98d1eca,57976c8bda972c3d2040823766661cb9d790545f2b82a6caa325f6c375aea44c,skv-node3,4187070172429488526,1,17728295184175731646,2,fnv1a64,field_scoped_physical_artifacts,replicated_header_source_bytes,descriptor_slice_of_replicated_header,global_budget_map_source_bytes,per_mn_offset_table_source_bytes,per_mn_record_payload_source_bytes,global_selected_uid_u32le_sequence,0,f522a06d37cec5a97894894970d3cb3ede3f61ea83f77cb29cea53db4c3fdea7,2147483528,645460,staged,20,20,1,67108864,13833.666666666666,106.06876807807284,0.99222,0.0,4482.175833333334,32.33248722842819,5460.476500000001,42.91519359362203,6132.718333333333,57.911172017621375,246.9162,0.0,753146.654,0.0,6400.37374,14.911267118133331,244.9585785,1.0206490763626244,4217.149577833334,14.878703879304611,32.0,0.0,918.6691676666667,6.203851047106399,186.70231733333333,0.039058844318275714
SIFT1M,2147483648,hop,6,bf377c5ad52c743759777a38a0fe6d764b8aced6f81b528f80091621e61e8ac8,d1daa707b63b20514946d08ba4e8b307bd894b1203834a4496df2a0da98d1eca,57976c8bda972c3d2040823766661cb9d790545f2b82a6caa325f6c375aea44c,skv-node3,14519636903809563477,1,17728295184175731646,2,fnv1a64,field_scoped_physical_artifacts,replicated_header_source_bytes,descriptor_slice_of_replicated_header,global_budget_map_source_bytes,per_mn_offset_table_source_bytes,per_mn_record_payload_source_bytes,global_selected_uid_u32le_sequence,0,5ff78af43083775a6d41be205386fac11b9eaf61f890c630c62a94d682b5b2bf,2147483648,744925,staged,20,20,1,67108864,10664.666666666666,44.27132933852338,0.99222,0.0,5053.186833333333,20.360106584321695,10639.481333333333,45.10620081371584,12160.493666666667,83.14144547551489,257.0611,0.0,875010.5708,0.0,6849.146774333333,19.325342816194755,1091.9725928333332,4.629404955039191,4199.117771833333,16.776880467413385,32.0,0.0,909.8181176666667,2.66531526687768,186.6992095,0.0220169003871582
SIFT1M,2147483648,indeg,6,bf377c5ad52c743759777a38a0fe6d764b8aced6f81b528f80091621e61e8ac8,d1daa707b63b20514946d08ba4e8b307bd894b1203834a4496df2a0da98d1eca,57976c8bda972c3d2040823766661cb9d790545f2b82a6caa325f6c375aea44c,skv-node3,127712115153289297,1,17728295184175731646,2,fnv1a64,field_scoped_physical_artifacts,replicated_header_source_bytes,descriptor_slice_of_replicated_header,global_budget_map_source_bytes,per_mn_offset_table_source_bytes,per_mn_record_payload_source_bytes,global_selected_uid_u32le_sequence,0,05de9ff18ee78918e9bf41ee3121f2042445920fb3fd3223cac7db43cbaea68c,2147483536,646217,staged,20,20,1,67108864,13680.5,119.59388173502025,0.99222,0.0,4537.054666666667,41.20734668154159,5446.698666666667,61.2908139684594,6101.100166666667,72.28980871537736,247.3625,0.0,755170.04,0.0,6147.224873333334,20.2253622644115,244.22786449999998,1.0212791153061798,4197.221186833333,16.10513907435535,32.0,0.0,909.9104621666665,2.6879798684640868,186.7396175,0.04003287196490242
